플랫폼,브랜드,품목,제목,가격,이미지URL,매물URL
번개장터,구찌,가방,구찌 GG 마몽 탑핸들 미니 구찌 여성 가방 정품,1250000,https://media.bunjang.co.kr/product/330634850_1_1786931825_w{res}.jpg,https://m.bunjang.co.kr/products/330634850
번개장터,구찌,가방,구찌 마몬트 마틀라쎄  숄더백 스몰 여성 구찌 가방 정품,1250000,https://media.bunjang.co.kr/product/416479879_1_1787114410_w{res}.jpg,https://m.bunjang.co.kr/products/416479879
번개장터,구찌,가방,구찌 가방 클러치백 바이컬러 GG,700000,https://media.bunjang.co.kr/product/390486827_1_1771597240_w{res}.jpg,https://m.bunjang.co.kr/products/390486827
번개장터,구찌,가방,구찌 가방 클러치백 바이컬러 GG,700000,https://media.bunjang.co.kr/product/390081002_1_1771428918_w{res}.jpg,https://m.bunjang.co.kr/products/390081002
번개장터,구찌,가방,구찌 GG 마몬트 가방 M사이즈 그레이,950000,https://media.bunjang.co.kr/product/392463463_1_1772348808_w{res}.jpg,https://m.bunjang.co.kr/products/392463463
번개장터,구찌,가방,구찌가방,1350000,https://media.bunjang.co.kr/product/284980794_1_1736147432_w{res}.jpg,https://m.bunjang.co.kr/products/284980794
번개장터,구찌,가방,구찌가방,200000,https://media.bunjang.co.kr/product/307677025_1_1734926033_w{res}.jpg,https://m.bunjang.co.kr/products/307677025
번개장터,구찌,가방,정품 구찌 뱀부 데일리백 토트백 가방 가로40 크로스끈분실,465000,https://media.bunjang.co.kr/product/392016400_1_1772181165_w{res}.jpg,https://m.bunjang.co.kr/products/392016400
번개장터,구찌,가방,구찌 마몽 숄더백 미디움 정품 구찌 여성 가방,1390000,https://media.bunjang.co.kr/product/392171694_1_1778240984_w{res}.jpg,https://m.bunjang.co.kr/products/392171694
번개장터,구찌,가방,"정품 구찌 가방 그레이 토트백,숄더백",430000,https://media.bunjang.co.kr/product/398762917_1_1786151016_w{res}.jpg,https://m.bunjang.co.kr/products/398762917
번개장터,구찌,가방,구찌 GG마몽 슈퍼미니 크로스백 가방,900000,https://media.bunjang.co.kr/product/418126308_1_1785757371_w{res}.jpg,https://m.bunjang.co.kr/products/418126308
번개장터,구찌,가방,"정품 구찌 가방 GG 나일론 블랙 토트백, 숄더백",520000,https://media.bunjang.co.kr/product/416562873_1_1783173812_w{res}.jpg,https://m.bunjang.co.kr/products/416562873
번개장터,구찌,가방,"정품 구찌 가방 블랙 GG 나일론 토트백, 숄더백",520000,https://media.bunjang.co.kr/product/416180505_1_1782927171_w{res}.jpg,https://m.bunjang.co.kr/products/416180505
번개장터,구찌,가방,"한정판 구찌 가방 마틀라세 토트백,숄더백,크로스백 3way",1300000,https://media.bunjang.co.kr/product/408486382_1_1782706541_w{res}.jpg,https://m.bunjang.co.kr/products/408486382
번개장터,구찌,가방,"정품 구찌 가방 GG 메탈 로고 토트백, 숄더백 2way",500000,https://media.bunjang.co.kr/product/417391208_1_1782951833_w{res}.jpg,https://m.bunjang.co.kr/products/417391208
번개장터,구찌,가방,구찌 GUCCI 백팩 가방 명품,1700000,https://media.bunjang.co.kr/product/163125136_1_1786677156_w{res}.jpg,https://m.bunjang.co.kr/products/163125136
번개장터,구찌,가방,구찌 가방,1000000,https://media.bunjang.co.kr/product/423851199_1_1786418460_w{res}.jpg,https://m.bunjang.co.kr/products/423851199
번개장터,구찌,가방,구찌 크로스 가방,470000,https://media.bunjang.co.kr/product/389145306_1_1779879722_w{res}.jpg,https://m.bunjang.co.kr/products/389145306
번개장터,구찌,가방,구찌 서류가방,400000,https://media.bunjang.co.kr/product/322801743_1_1783505339_w{res}.jpg,https://m.bunjang.co.kr/products/322801743
번개장터,구찌,가방,(정품)구찌 뱀부 투웨이백//구찌가방,530000,https://media.bunjang.co.kr/product/315216431_1_1783133746_w{res}.jpg,https://m.bunjang.co.kr/products/315216431
번개장터,구찌,가방,정품 구찌 가방- 마지막 에눌 또 했어요.,320000,https://media.bunjang.co.kr/product/231276749_1_1784078847_w{res}.jpg,https://m.bunjang.co.kr/products/231276749
번개장터,구찌,가방,구찌 정품 여성가방 구찌 211138 GG로고 PVC 쇼퍼백 숄더백 토트백 쇼퍼백 미디움쇼퍼백 청라중고명품25138,449000,https://media.bunjang.co.kr/product/424695380_1_1787036906_w{res}.jpg,https://m.bunjang.co.kr/products/424695380
번개장터,구찌,가방,구찌 힙쌕(제니 가방),650000,https://media.bunjang.co.kr/product/253676353_1_1737361346_w{res}.jpg,https://m.bunjang.co.kr/products/253676353
번개장터,구찌,가방,구찌 호보백 숄더백 가방,450000,https://media.bunjang.co.kr/product/305650873_1_1786797200_w{res}.jpg,https://m.bunjang.co.kr/products/305650873
번개장터,구찌,가방,구찌 오디피아 서류가방,1450000,https://media.bunjang.co.kr/product/310264538_1_1764803125_w{res}.jpg,https://m.bunjang.co.kr/products/310264538
번개장터,구찌,가방,구찌 가방 클러치백 오피디아 플랩,550000,https://media.bunjang.co.kr/product/410571011_1_1779866474_w{res}.jpg,https://m.bunjang.co.kr/products/410571011
번개장터,구찌,가방,정품 구찌 숄더백 가방 가로28,250000,https://media.bunjang.co.kr/product/416279635_1_1782454796_w{res}.jpg,https://m.bunjang.co.kr/products/416279635
번개장터,구찌,가방,정품 구찌 가방 숄더백 가로29,288000,https://media.bunjang.co.kr/product/258462373_1_1711779977_w{res}.jpg,https://m.bunjang.co.kr/products/258462373
번개장터,구찌,가방,정품 구찌 가방 크로스백 가로33,299000,https://media.bunjang.co.kr/product/256761331_1_1710481424_w{res}.jpg,https://m.bunjang.co.kr/products/256761331
번개장터,구찌,가방,정품 구찌 가방 숄더백 가로33,240000,https://media.bunjang.co.kr/product/297740139_1_1730442416_w{res}.jpg,https://m.bunjang.co.kr/products/297740139
번개장터,구찌,가방,정품 구찌 숄더백 가방 가로32,280000,https://media.bunjang.co.kr/product/416279796_1_1782454852_w{res}.jpg,https://m.bunjang.co.kr/products/416279796
번개장터,구찌,가방,[OS]구찌 가방 클러치백 오피디아 플랩,550000,https://media.bunjang.co.kr/product/410260980_1_1779713207_w{res}.jpg,https://m.bunjang.co.kr/products/410260980
번개장터,구찌,가방,정품 구찌 가방 토트백 가로29,230000,https://media.bunjang.co.kr/product/383835075_1_1768973378_w{res}.jpg,https://m.bunjang.co.kr/products/383835075
번개장터,구찌,가방,구찌 홀스빗 1955 스몰 숄더백 명품가방,1200000,https://media.bunjang.co.kr/product/221722450_1_1746768125_w{res}.jpg,https://m.bunjang.co.kr/products/221722450
번개장터,구찌,가방,구찌 가방 마몽 미니 탑 핸들 백,1050000,https://media.bunjang.co.kr/product/411586712_1_1780237005_w{res}.jpg,https://m.bunjang.co.kr/products/411586712
번개장터,구찌,가방,구찌 토트백 가방  판매합니다,1300000,https://media.bunjang.co.kr/product/415617738_1_1782450311_w{res}.jpg,https://m.bunjang.co.kr/products/415617738
번개장터,구찌,가방,1번착용) 구찌 핑크 숄더백 가방,950000,https://media.bunjang.co.kr/product/422223584_1_1786610987_w{res}.jpg,https://m.bunjang.co.kr/products/422223584
번개장터,구찌,가방,구찌 2way 블랙 보스턴백 여행가방,750000,https://media.bunjang.co.kr/product/419640011_1_1786006425_w{res}.jpg,https://m.bunjang.co.kr/products/419640011
번개장터,구찌,가방,(정품) 구찌 숄더백 크로스백 가방 가죽 스트랩 브라운,200000,https://media.bunjang.co.kr/product/421566103_1_1784786640_w{res}.jpg,https://m.bunjang.co.kr/products/421566103
번개장터,구찌,가방,구찌 가방 네오 빈티지 GG수프림 메신저 크로스백,850000,https://media.bunjang.co.kr/product/409848539_1_1779540063_w{res}.jpg,https://m.bunjang.co.kr/products/409848539
번개장터,구찌,가방,구찌 정품 남성 빅 클러치백 가방 다크그레이,220000,https://media.bunjang.co.kr/product/418657212_1_1783489361_w{res}.jpg,https://m.bunjang.co.kr/products/418657212
번개장터,구찌,가방,구찌 오피디아 돔 크로스백 GG 슈프림 캔버스 명품가방,890000,https://media.bunjang.co.kr/product/416063901_1_1784619219_w{res}.jpg,https://m.bunjang.co.kr/products/416063901
번개장터,구찌,가방,[OS]구찌 가방 네오 빈티지 GG수프림 메신저 크로스백,850000,https://media.bunjang.co.kr/product/409182408_1_1779260575_w{res}.jpg,https://m.bunjang.co.kr/products/409182408
번개장터,구찌,가방,구찌 2way 블랙 더플백 보스턴백 여행가방,970000,https://media.bunjang.co.kr/product/417522815_1_1786006418_w{res}.jpg,https://m.bunjang.co.kr/products/417522815
번개장터,구찌,가방,구찌 블루 뱀부 탑 핸들 가방 + 스트랩 (여행용 보스턴),1600000,https://media.bunjang.co.kr/product/395884174_1_1787058387_w{res}.jpg,https://m.bunjang.co.kr/products/395884174
번개장터,구찌,가방,빈티지하서 구찌 GG 로고 보스턴백 가방 토트백,335000,https://media.bunjang.co.kr/product/403490288_1_1787039464_w{res}.jpg,https://m.bunjang.co.kr/products/403490288
번개장터,구찌,가방,정품 명품 구찌 홀스빗 1955 미니백 가방 풀세트 거의 새상품,1590000,https://media.bunjang.co.kr/product/407365800_1_1778472371_w{res}.jpg,https://m.bunjang.co.kr/products/407365800
번개장터,구찌,가방,정품 구찌 가방 여성 가죽 배색 쟈가드 숄더백 토트백,450000,https://media.bunjang.co.kr/product/321475019_1_1743022381_w{res}.jpg,https://m.bunjang.co.kr/products/321475019
번개장터,구찌,가방,(정품) 구찌 GG 투포켓 나일론 백팩 (명품 남자 여자 가방 크로스백),550000,https://media.bunjang.co.kr/product/341649628_1_1772011524_w{res}.jpg,https://m.bunjang.co.kr/products/341649628
번개장터,구찌,가방,"정품,유일매물)구찌 GG 마몬트 마틀라쎄 클러치 여성클러치여성가방클러치백",480000,https://media.bunjang.co.kr/product/234892948_1_1784778437_w{res}.jpg,https://m.bunjang.co.kr/products/234892948
번개장터,구찌,가방,구찌 가방입니다 정품인데 하자가 많아요 신품 90입니당,300000,https://media.bunjang.co.kr/product/424592816_1_1786957260_w{res}.jpg,https://m.bunjang.co.kr/products/424592816
번개장터,구찌,가방,구찌가방 남,1900000,https://media.bunjang.co.kr/product/408247507_1_1778845553_w{res}.jpg,https://m.bunjang.co.kr/products/408247507
번개장터,구찌,가방,구찌 인터로킹 가방 미듐 판매합니당,700000,https://media.bunjang.co.kr/product/424550573_1_1786938278_w{res}.jpg,https://m.bunjang.co.kr/products/424550573
번개장터,구찌,가방,(미사용 새상품급) / (정품)구찌 홀스빗 1955 가방-정가350업,970000,https://media.bunjang.co.kr/product/398611377_1_1779102558_w{res}.jpg,https://m.bunjang.co.kr/products/398611377
번개장터,구찌,가방,구찌 가방,50000,https://media.bunjang.co.kr/product/424390965_1_1786970270_w{res}.jpg,https://m.bunjang.co.kr/products/424390965
번개장터,구찌,가방,구찌 마몽 마틀라세 가방,900000,https://media.bunjang.co.kr/product/424413580_1_1786821279_w{res}.jpg,https://m.bunjang.co.kr/products/424413580
번개장터,구찌,가방,구찌 데코 스몰 숄더백(Gucci Deco Small Shoulder Bag),1000000,https://media.bunjang.co.kr/product/424275559_1_1786709044_w{res}.jpg,https://m.bunjang.co.kr/products/424275559
번개장터,구찌,가방,구찌 가방 정품,223000,https://media.bunjang.co.kr/product/424237178_1_1787110733_w{res}.jpg,https://m.bunjang.co.kr/products/424237178
번개장터,구찌,가방,구찌 가방,230000,https://media.bunjang.co.kr/product/424131142_1_1786803409_w{res}.jpg,https://m.bunjang.co.kr/products/424131142
번개장터,구찌,가방,구찌 GUCCI 토트백 명품 가방 숄더백 케이스,2400000,https://media.bunjang.co.kr/product/163124363_1_1786677148_w{res}.jpg,https://m.bunjang.co.kr/products/163124363
번개장터,구찌,가방,구찌 GG 마틀라세 레더 스몰 핸드백 핑크 체인 가방 숄더백 크로스백,1250000,https://media.bunjang.co.kr/product/424129702_1_1786607054_w{res}.jpg,https://m.bunjang.co.kr/products/424129702
번개장터,구찌,가방,구찌가방 정품,130000,https://media.bunjang.co.kr/product/423987143_1_1786510844_w{res}.jpg,https://m.bunjang.co.kr/products/423987143
번개장터,구찌,가방,구찌 클러치 가방,599000,https://media.bunjang.co.kr/product/423919269_1_1786846387_w{res}.jpg,https://m.bunjang.co.kr/products/423919269
번개장터,구찌,가방,구찌가방,300000,https://media.bunjang.co.kr/product/423267459_1_1785993196_w{res}.jpg,https://m.bunjang.co.kr/products/423267459
번개장터,구찌,가방,"구찌 숄더 백 , 가방 (정품)",235000,https://media.bunjang.co.kr/product/423715504_1_1786678737_w{res}.jpg,https://m.bunjang.co.kr/products/423715504
번개장터,구찌,가방,구찌 Gucci GG Canvas Shoulder Bag,287000,https://media.bunjang.co.kr/product/422739957_1_1785648656_w{res}.jpg,https://m.bunjang.co.kr/products/422739957
번개장터,구찌,가방,구찌 홀스빗 1955 숄더백 크로스가방,3200000,https://media.bunjang.co.kr/product/423529284_1_1786198336_w{res}.jpg,https://m.bunjang.co.kr/products/423529284
번개장터,구찌,가방,정품 구찌 숄더백 가방 가로24,99000,https://media.bunjang.co.kr/product/423289680_1_1786002889_w{res}.jpg,https://m.bunjang.co.kr/products/423289680
번개장터,구찌,가방,구찌 탑핸들백 마몽 마틀라쎄 블랙 마몬트 토트 검정 숄더 크로스 투웨이백 정품 이그나시 몬레알 금장 가죽 여성가방,1000000,https://media.bunjang.co.kr/product/424090357_1_1786584549_w{res}.jpg,https://m.bunjang.co.kr/products/424090357
번개장터,구찌,가방,(1회사용)구찌 정품 소가죽 모피어스 3WAY bag,700000,https://media.bunjang.co.kr/product/423735055_1_1786337704_w{res}.jpg,https://m.bunjang.co.kr/products/423735055
번개장터,구찌,가방,GUCCI 구찌 수프림 GG로고 크로스백 메신져백 가방 남여공용,450000,https://media.bunjang.co.kr/product/422301574_1_1785313221_w{res}.jpg,https://m.bunjang.co.kr/products/422301574
번개장터,구찌,가방,구찌정품가방,80000,https://media.bunjang.co.kr/product/421804277_1_1784948134_w{res}.jpg,https://m.bunjang.co.kr/products/421804277
번개장터,구찌,가방,구찌 가방,700000,https://media.bunjang.co.kr/product/422502336_1_1785487250_w{res}.jpg,https://m.bunjang.co.kr/products/422502336
번개장터,구찌,가방,구찌클러치가방(남성),670000,https://media.bunjang.co.kr/product/422854819_1_1785734003_w{res}.jpg,https://m.bunjang.co.kr/products/422854819
번개장터,구찌,가방,구제토토 구찌 201446 스윙백 크로스백 정품 중고가방 명품 60508,245000,https://media.bunjang.co.kr/product/423148489_1_1785909853_w{res}.jpg,https://m.bunjang.co.kr/products/423148489
번개장터,구찌,가방,GUCCI tote bag,850000,https://media.bunjang.co.kr/product/422697678_1_1785597569_w{res}.jpg,https://m.bunjang.co.kr/products/422697678
번개장터,구찌,가방,GUCCI 구찌 정품 남성가방 201448 화이트 GG 크로스백 메신저백 여행가방 숄더백 리포터백 청라중고명품25107,399000,https://media.bunjang.co.kr/product/422534772_1_1785485547_w{res}.jpg,https://m.bunjang.co.kr/products/422534772
번개장터,구찌,가방,구찌 가방 정품 가격 내림,350000,https://media.bunjang.co.kr/product/415375706_1_1786787569_w{res}.jpg,https://m.bunjang.co.kr/products/415375706
번개장터,구찌,가방,GUCCI 구찌 여성가방 골드펄 브라운 가죽 투포켓 체인 숄더백 호보백 오피스백 서류가방 청라 중고명품7752,299000,https://media.bunjang.co.kr/product/422629421_1_1785563730_w{res}.jpg,https://m.bunjang.co.kr/products/422629421
번개장터,구찌,가방,GUCCI 구찌 정품 여성 삼선 블랙 가죽 미니 크로스백 클러치백 woc 여권가방 빈티지 청라 중고 명품 25081,599000,https://media.bunjang.co.kr/product/422287397_1_1785306337_w{res}.jpg,https://m.bunjang.co.kr/products/422287397
번개장터,구찌,가방,GUCCI 구찌 정품 여성가방 베이지 브라운 미세 펀칭가죽 호보백 숄더백 토트백 파우치백 빈티지청라중고명품25118,349000,https://media.bunjang.co.kr/product/422541197_1_1785488468_w{res}.jpg,https://m.bunjang.co.kr/products/422541197
번개장터,구찌,가방,GUCCI 구찌 정품 신품 여성 남성 가방517551 수프림 오피디아 삼선 세컨백 파우치백 빈티지 청라명품25043,749000,https://media.bunjang.co.kr/product/422266422_1_1785294980_w{res}.jpg,https://m.bunjang.co.kr/products/422266422
번개장터,구찌,가방,GUCCI 구찌 정품 여성가방 211137 GG 임프리메 크리스탈 쇼퍼백 숄더백 오피스백 빈티지 청라 중고명품25121,499000,https://media.bunjang.co.kr/product/422541752_1_1785488712_w{res}.jpg,https://m.bunjang.co.kr/products/422541752
번개장터,구찌,가방,구찌 GG 레드 레더 소호 체인 클러치백 크로스백 407041 가방,540000,https://media.bunjang.co.kr/product/415412787_1_1782991068_w{res}.jpg,https://m.bunjang.co.kr/products/415412787
번개장터,구찌,가방,GUCCI 구찌 정품 빈티지 유니크 여성가방 플로라 플라워 1961 재키백 호보백 숄더백 토트백 중고명품 25078,1199000,https://media.bunjang.co.kr/product/422286731_1_1785305996_w{res}.jpg,https://m.bunjang.co.kr/products/422286731
번개장터,구찌,가방,GUCCI 구찌 정품 여성가방 핑크 펄 GG 자가드 미니숄더백 파우치백 빈티지 청라 중고 명품 25086,349000,https://media.bunjang.co.kr/product/422288730_1_1785306875_w{res}.jpg,https://m.bunjang.co.kr/products/422288730
번개장터,구찌,가방,GUCCI 구찌 정품 여성가방 슈프림 GG 삼선 장판 미니 클러치백 파우치백 세컨백 빈티지 청라 중고 명품 25085,349000,https://media.bunjang.co.kr/product/422288542_1_1785306786_w{res}.jpg,https://m.bunjang.co.kr/products/422288542
번개장터,구찌,가방,GUCCI 구찌 정품 여성가방 블랙 페이던트 가죽 빅로고 미디움 쇼퍼백 숄더백 오피스백 빈티지 청라중고명품25102,499000,https://media.bunjang.co.kr/product/422526104_1_1785481611_w{res}.jpg,https://m.bunjang.co.kr/products/422526104
번개장터,구찌,가방,구찌 오피디아 GG 리스트릿 파우치 가방,480000,https://media.bunjang.co.kr/product/398837926_1_1775092161_w{res}.jpg,https://m.bunjang.co.kr/products/398837926
번개장터,구찌,가방,구찌 마몽트 숄더백 화이트 GUCCI White Leather Small Arli Crossbody Bag,380700,https://media.bunjang.co.kr/product/421240636_1_1784613781_w{res}.jpg,https://m.bunjang.co.kr/products/421240636
번개장터,구찌,가방,구찌 인터로킹 메신저백 숄더백 남성가방,730000,https://media.bunjang.co.kr/product/422682981_1_1785589669_w{res}.jpg,https://m.bunjang.co.kr/products/422682981
번개장터,구찌,가방,GUCCI 구찌 정품 여성가방 354224 디아망떼 탑핸들 토트백 숄더백 크로스백 박스백 스퀘어백 청라중고명품25071,349000,https://media.bunjang.co.kr/product/422276552_1_1785300525_w{res}.jpg,https://m.bunjang.co.kr/products/422276552
번개장터,구찌,가방,GUCCI 구찌 정품 여성가방 GG로고 자가드 스카프 토트백 숄더백 복조리 버킷백 호보백빈티지 청라중고명품 25115,449000,https://media.bunjang.co.kr/product/422540607_1_1785488139_w{res}.jpg,https://m.bunjang.co.kr/products/422540607
번개장터,구찌,가방,GUCCI 구찌 정품 블랙 엠보가죽 뱀부 대나무 투포켓 여성 백팩 오피스 정장 배낭 가방 청라 중고 명품 25019,1499000,https://media.bunjang.co.kr/product/422264166_1_1785293538_w{res}.jpg,https://m.bunjang.co.kr/products/422264166
번개장터,구찌,가방,GUCCI   구찌 정품 여성 마이크로 시마 GG 블랙 가죽 466507 미니 크로스백 woc 여권가방 빈티지 청라중고명품25070,349000,https://media.bunjang.co.kr/product/422276133_1_1785300271_w{res}.jpg,https://m.bunjang.co.kr/products/422276133
번개장터,구찌,가방,GUCCI 구찌 516639 웹로고 여성 가방 아이보리 백팩 토트백 오피스백 끈배낭 빈티지 인천청라 중고명품25025,990000,https://media.bunjang.co.kr/product/422400298_1_1785389799_w{res}.jpg,https://m.bunjang.co.kr/products/422400298
번개장터,구찌,가방,정품 구찌 가방 토트백 가로27,168000,https://media.bunjang.co.kr/product/304081056_1_1733290626_w{res}.jpg,https://m.bunjang.co.kr/products/304081056
번개장터,구찌,가방,구찌 1955홀스빗 가방,1000000,https://media.bunjang.co.kr/product/422135633_1_1785220467_w{res}.jpg,https://m.bunjang.co.kr/products/422135633
번개장터,구찌,가방,구찌 아프로디테 스몰 블랙 숄더백 여성가방,1390000,https://media.bunjang.co.kr/product/422687710_1_1785591927_w{res}.jpg,https://m.bunjang.co.kr/products/422687710
번개장터,구찌,가방,구찌 GG마몽 탑핸들 브라운 가방,850000,https://media.bunjang.co.kr/product/410440017_1_1779797792_w{res}.jpg,https://m.bunjang.co.kr/products/410440017
번개장터,구찌,가방,구찌 님페아 탑핸들 가방 레드,1400000,https://media.bunjang.co.kr/product/422553918_1_1785545267_w{res}.jpg,https://m.bunjang.co.kr/products/422553918
번개장터,구찌,가방,구찌 엠보스 미니 더플백 숄더백 여성가방,850000,https://media.bunjang.co.kr/product/422686755_1_1785591459_w{res}.jpg,https://m.bunjang.co.kr/products/422686755
번개장터,구찌,가방,구찌 GG 오피디아 캔버스 삼선 여행가방 752587,1520000,https://media.bunjang.co.kr/product/349495953_1_1754636591_w{res}.jpg,https://m.bunjang.co.kr/products/349495953
번개장터,구찌,가방,구찌 블랙 마이크로시마 브리프케이스 비즈니스백 남성 서류가방 435322,900000,https://media.bunjang.co.kr/product/408229269_1_1778839235_w{res}.jpg,https://m.bunjang.co.kr/products/408229269
번개장터,구찌,가방,구찌 정품 여성가방 211943 GG시마 가죽 수키백 라지 빅쇼퍼백 빅숄더백 오피스백 청라 중고명품25130,599000,https://media.bunjang.co.kr/product/423309636_1_1786010988_w{res}.jpg,https://m.bunjang.co.kr/products/423309636
번개장터,구찌,가방,새제품급/구찌크로스가방,989000,https://media.bunjang.co.kr/product/421822720_1_1784959262_w{res}.jpg,https://m.bunjang.co.kr/products/421822720
번개장터,구찌,가방,새제품급/구찌크로스가방,988000,https://media.bunjang.co.kr/product/421822446_1_1784959288_w{res}.jpg,https://m.bunjang.co.kr/products/421822446
번개장터,구찌,가방,구찌가방,1300000,https://media.bunjang.co.kr/product/420805313_1_1784800993_w{res}.jpg,https://m.bunjang.co.kr/products/420805313
번개장터,구찌,가방,(정품) 구찌 빈티지 GG 캔버스 백팩 여성 가방,322000,https://media.bunjang.co.kr/product/422242199_1_1785660241_w{res}.jpg,https://m.bunjang.co.kr/products/422242199
번개장터,구찌,가방,구찌 가방 새상품급 정품,1250000,https://media.bunjang.co.kr/product/421619684_1_1784817454_w{res}.jpg,https://m.bunjang.co.kr/products/421619684
번개장터,구찌,가방,미사용 새상품 / 정품 구찌 1955 홀스빗 가방,950000,https://media.bunjang.co.kr/product/413430197_1_1784604920_w{res}.jpg,https://m.bunjang.co.kr/products/413430197
번개장터,구찌,가방,구찌 남성 가북 클러치백 가방,450000,https://media.bunjang.co.kr/product/421542833_1_1784777711_w{res}.jpg,https://m.bunjang.co.kr/products/421542833
번개장터,구찌,가방,구찌가방,5000000,https://media.bunjang.co.kr/product/420408007_1_1785568112_w{res}.jpg,https://m.bunjang.co.kr/products/420408007
번개장터,구찌,가방,구찌 가방,125000,https://media.bunjang.co.kr/product/420389967_1_1784464845_w{res}.jpg,https://m.bunjang.co.kr/products/420389967
번개장터,구찌,가방,구찌 2way 블랙 보스턴백 러기지백 골프 여행가방,790000,https://media.bunjang.co.kr/product/422445407_1_1786006410_w{res}.jpg,https://m.bunjang.co.kr/products/422445407
번개장터,구찌,가방,구찌 브리프케이스 서류가방,850000,https://media.bunjang.co.kr/product/421436005_1_1784699915_w{res}.jpg,https://m.bunjang.co.kr/products/421436005
번개장터,구찌,가방,구찌 731793 그레이 GG 수프림 캔버스 오피디아 미디엄 서류가방 토트백 34301-1,2250000,https://media.bunjang.co.kr/product/423132802_1_1785901176_w{res}.jpg,https://m.bunjang.co.kr/products/423132802
번개장터,구찌,가방,구찌 빈티지 가방,50000,https://media.bunjang.co.kr/product/420615111_1_1786362902_w{res}.jpg,https://m.bunjang.co.kr/products/420615111
번개장터,구찌,가방,구찌 스타일  버킷백  뜨개가방,120000,https://media.bunjang.co.kr/product/421524068_1_1786721940_w{res}.jpg,https://m.bunjang.co.kr/products/421524068
번개장터,구찌,가방,정품 구찌 숄더백 가방 가로37,199000,https://media.bunjang.co.kr/product/421434081_1_1784699030_w{res}.jpg,https://m.bunjang.co.kr/products/421434081
번개장터,구찌,가방,(빈티지박스)구찌 정품 크로스가방,190000,https://media.bunjang.co.kr/product/421213497_1_1784604348_w{res}.jpg,https://m.bunjang.co.kr/products/421213497
번개장터,구찌,가방,GUCCI casual bag,840000,https://media.bunjang.co.kr/product/420073564_1_1784123297_w{res}.jpg,https://m.bunjang.co.kr/products/420073564
번개장터,구찌,가방,구찌 GG 수프림 블랙 토트백 서류가방,800000,https://media.bunjang.co.kr/product/421545289_1_1784779118_w{res}.jpg,https://m.bunjang.co.kr/products/421545289
번개장터,구찌,가방,정품 구찌 서류 가방 블랙,200000,https://media.bunjang.co.kr/product/420552945_1_1784333276_w{res}.jpg,https://m.bunjang.co.kr/products/420552945
번개장터,구찌,가방,GG 구찌 슈프림 메신저백  가방 부품용,90000,https://media.bunjang.co.kr/product/421238668_1_1784705772_w{res}.jpg,https://m.bunjang.co.kr/products/421238668
번개장터,구찌,가방,구찌 홀스빗 가방 개급처 가격 맞춰드려요,1500000,https://media.bunjang.co.kr/product/422076821_1_1785145369_w{res}.jpg,https://m.bunjang.co.kr/products/422076821
번개장터,구찌,가방,구찌 가방,650000,https://media.bunjang.co.kr/product/419523472_1_1786934779_w{res}.jpg,https://m.bunjang.co.kr/products/419523472
번개장터,구찌,가방,정품 구찌 발달 크로스백 가방 가로30,78000,https://media.bunjang.co.kr/product/421077596_1_1784537927_w{res}.jpg,https://m.bunjang.co.kr/products/421077596
번개장터,구찌,가방,구찌 728347 사보이 캐빈 플러스 트롤리 캐리어 여행가방 32866,3200000,https://media.bunjang.co.kr/product/422149816_1_1785209370_w{res}.jpg,https://m.bunjang.co.kr/products/422149816
번개장터,구찌,가방,구찌 마몬트 마틀라쎄 가방,800000,https://media.bunjang.co.kr/product/420691647_1_1784991067_w{res}.jpg,https://m.bunjang.co.kr/products/420691647
번개장터,구찌,가방,(정품)구찌가방,580000,https://media.bunjang.co.kr/product/419705998_1_1783942651_w{res}.jpg,https://m.bunjang.co.kr/products/419705998
번개장터,구찌,가방,구찌 가방,171000,https://media.bunjang.co.kr/product/419351638_1_1785876684_w{res}.jpg,https://m.bunjang.co.kr/products/419351638
번개장터,구찌,가방,구찌 홀스빗 가방,1900000,https://media.bunjang.co.kr/product/419632946_1_1785807600_w{res}.jpg,https://m.bunjang.co.kr/products/419632946
번개장터,구찌,가방,구찌 GG 브리프케이스 서류가방 및 백팩,1800000,https://media.bunjang.co.kr/product/326248430_1_1743665016_w{res}.jpg,https://m.bunjang.co.kr/products/326248430
번개장터,구찌,가방,구찌 인터로킹 가방,800000,https://media.bunjang.co.kr/product/419468308_1_1783842174_w{res}.jpg,https://m.bunjang.co.kr/products/419468308
번개장터,구찌,가방,구찌 마몽 마틀라세 토트백 숄더백 스몰 여성가방,750000,https://media.bunjang.co.kr/product/416736469_1_1782642158_w{res}.jpg,https://m.bunjang.co.kr/products/416736469
번개장터,구찌,가방,구찌 가방,110000,https://media.bunjang.co.kr/product/418996458_1_1784260454_w{res}.jpg,https://m.bunjang.co.kr/products/418996458
번개장터,구찌,가방,구찌 알리백 크로스 가방,600000,https://media.bunjang.co.kr/product/388219506_1_1785916484_w{res}.jpg,https://m.bunjang.co.kr/products/388219506
번개장터,구찌,가방,구찌 홀스빗 탑핸들백 아이유가방 급처분,1611000,https://media.bunjang.co.kr/product/347362423_1_1784555166_w{res}.jpg,https://m.bunjang.co.kr/products/347362423
번개장터,구찌,가방,구찌 브리프 케이스(서류가방),600000,https://media.bunjang.co.kr/product/419797980_1_1783999223_w{res}.jpg,https://m.bunjang.co.kr/products/419797980
번개장터,구찌,가방,정품) 하루가격다운)구찌가방 구찌토드백 구찌숄더백,630000,https://media.bunjang.co.kr/product/420672755_1_1786842705_w{res}.jpg,https://m.bunjang.co.kr/products/420672755
번개장터,구찌,가방,구찌 가방,273000,https://media.bunjang.co.kr/product/418661081_1_1785529845_w{res}.jpg,https://m.bunjang.co.kr/products/418661081
번개장터,구찌,가방,[OS] 구찌 gg 에보니 백팩 가방,600000,https://media.bunjang.co.kr/product/420092221_1_1784142581_w{res}.jpg,https://m.bunjang.co.kr/products/420092221
번개장터,구찌,가방,정품 구찌 GG 수프림 블랙 서류 가방,410000,https://media.bunjang.co.kr/product/382438107_1_1784592345_w{res}.jpg,https://m.bunjang.co.kr/products/382438107
번개장터,구찌,가방,구찌 토트백 클러치백 가방 데일리백,390000,https://media.bunjang.co.kr/product/188366264_1_1655722829_w{res}.jpg,https://m.bunjang.co.kr/products/188366264
번개장터,구찌,가방,구찌 1961 재키백 숄더백 여성가방 스몰,1304110,https://media.bunjang.co.kr/product/420017811_1_1785240846_w{res}.jpg,https://m.bunjang.co.kr/products/420017811
번개장터,구찌,가방,정품 구찌 클러치 가방 가로33세로21,175000,https://media.bunjang.co.kr/product/420275842_1_1784196290_w{res}.jpg,https://m.bunjang.co.kr/products/420275842
번개장터,구찌,가방,구찌 GG 오피디아 캔버스 삼선 여행가방 752587,1520000,https://media.bunjang.co.kr/product/365651577_1_1761645720_w{res}.jpg,https://m.bunjang.co.kr/products/365651577
번개장터,구찌,가방,구찌 쟈가드 호보백   구찌가방 구찌핸드백,800000,https://media.bunjang.co.kr/product/419492030_1_1786755545_w{res}.jpg,https://m.bunjang.co.kr/products/419492030
번개장터,구찌,가방,구찌 GG 수프림 캔버스 서류 가방,1250000,https://media.bunjang.co.kr/product/419055233_1_1784630717_w{res}.jpg,https://m.bunjang.co.kr/products/419055233
번개장터,구찌,가방,(정품) 구찌 오피디아 크로스백 (명품 여자 가방 숄더백),800000,https://media.bunjang.co.kr/product/419526126_1_1783858462_w{res}.jpg,https://m.bunjang.co.kr/products/419526126
번개장터,구찌,가방,구찌 숄더백 구찌호보백 명품가방,540000,https://media.bunjang.co.kr/product/418864949_1_1783574865_w{res}.jpg,https://m.bunjang.co.kr/products/418864949
번개장터,구찌,가방,구찌 가방,100000,https://media.bunjang.co.kr/product/417457691_1_1782973488_w{res}.jpg,https://m.bunjang.co.kr/products/417457691
번개장터,구찌,가방,구찌 주미 스몰 블랙 크로스백 숄더백 576388가방 [리셀온],1050000,https://media.bunjang.co.kr/product/400047736_1_1782053236_w{res}.jpg,https://m.bunjang.co.kr/products/400047736
번개장터,구찌,가방,(빈티지박스)구찌 정품 블랙 서류가방,1000000,https://media.bunjang.co.kr/product/419067808_1_1783667458_w{res}.jpg,https://m.bunjang.co.kr/products/419067808
번개장터,구찌,가방,구찌1947 한정판 가방 구찌백,1550000,https://media.bunjang.co.kr/product/418447423_1_1783396014_w{res}.jpg,https://m.bunjang.co.kr/products/418447423
번개장터,구찌,가방,구찌가방(영수증있음),980000,https://media.bunjang.co.kr/product/418369822_1_1786237833_w{res}.jpg,https://m.bunjang.co.kr/products/418369822
번개장터,구찌,가방,정품) 구찌가방 구찌리버시블가방 양면 구찌토드백 구찌쇼퍼백 크로스백,1300000,https://media.bunjang.co.kr/product/417804460_1_1786103274_w{res}.jpg,https://m.bunjang.co.kr/products/417804460
번개장터,구찌,가방,구찌 패들락 GG 수프림 미듐 체인 숄더백 토트백 479197 가방,1180000,https://media.bunjang.co.kr/product/420372024_1_1784253378_w{res}.jpg,https://m.bunjang.co.kr/products/420372024
번개장터,구찌,가방,구찌가방,500000,https://media.bunjang.co.kr/product/314383814_1_1767325771_w{res}.jpg,https://m.bunjang.co.kr/products/314383814
번개장터,구찌,가방,구찌 GG 오피디아 캔버스 삼선 여행가방 752587,1520000,https://media.bunjang.co.kr/product/418847423_1_1783568445_w{res}.jpg,https://m.bunjang.co.kr/products/418847423
번개장터,구찌,가방,구찌 다이애나 미니 뱀부 토트백 숄더백 크로스백 블랙 739079 가방,1300000,https://media.bunjang.co.kr/product/419616144_1_1783912212_w{res}.jpg,https://m.bunjang.co.kr/products/419616144
번개장터,구찌,가방,구찌가방,380000,https://media.bunjang.co.kr/product/416670636_1_1782624140_w{res}.jpg,https://m.bunjang.co.kr/products/416670636
번개장터,구찌,가방,구찌복조리가방,490000,https://media.bunjang.co.kr/product/417206926_1_1785125559_w{res}.jpg,https://m.bunjang.co.kr/products/417206926
번개장터,구찌,가방,구찌 브리프케이스 서류가방 토트 숄더백 658573,945000,https://media.bunjang.co.kr/product/418447004_1_1783395857_w{res}.jpg,https://m.bunjang.co.kr/products/418447004
번개장터,구찌,가방,구찌 가방,200000,https://media.bunjang.co.kr/product/416206154_1_1782409599_w{res}.jpg,https://m.bunjang.co.kr/products/416206154
번개장터,구찌,가방,정품) 상태좋음) 하루가격다운)구찌가방 구찌토드백 구찌쟈가드,300000,https://media.bunjang.co.kr/product/388637304_1_1786103291_w{res}.jpg,https://m.bunjang.co.kr/products/388637304
번개장터,구찌,가방,구찌 크리스탈 조이 쇼퍼백 숄더백 가방,490000,https://media.bunjang.co.kr/product/417287815_1_1783231663_w{res}.jpg,https://m.bunjang.co.kr/products/417287815
번개장터,구찌,가방,구찌 자가드 보스턴백 가방,330000,https://media.bunjang.co.kr/product/416907162_1_1782987693_w{res}.jpg,https://m.bunjang.co.kr/products/416907162
번개장터,구찌,가방,구찌정품가방,2200000,https://media.bunjang.co.kr/product/416058701_1_1782356431_w{res}.jpg,https://m.bunjang.co.kr/products/416058701
번개장터,구찌,가방,정품 구찌 가방 여성 쟈가드 크로스백 숄더백,550000,https://media.bunjang.co.kr/product/256556220_1_1768080469_w{res}.jpg,https://m.bunjang.co.kr/products/256556220
번개장터,구찌,가방,정품 구찌 숄더백 토트백 가방 가로33,220000,https://media.bunjang.co.kr/product/417678003_1_1783067973_w{res}.jpg,https://m.bunjang.co.kr/products/417678003
번개장터,구찌,가방,정품 구찌 크로스백 가방 가로33세로28,280000,https://media.bunjang.co.kr/product/417658229_1_1783063266_w{res}.jpg,https://m.bunjang.co.kr/products/417658229
번개장터,구찌,가방,[럭스올] 구찌 GG 수프림 백팩 겸 브리프케이스 658543 여행가방,1500000,https://media.bunjang.co.kr/product/418642836_1_1783484288_w{res}.jpg,https://m.bunjang.co.kr/products/418642836
번개장터,구찌,가방,구찌 가방,550000,https://media.bunjang.co.kr/product/415454918_1_1782543103_w{res}.jpg,https://m.bunjang.co.kr/products/415454918
번개장터,구찌,가방,구찌 시그니처 애니멀리에 레더 클러치백 블랙 523684 가방,300000,https://media.bunjang.co.kr/product/417948867_1_1783165040_w{res}.jpg,https://m.bunjang.co.kr/products/417948867
번개장터,구찌,가방,구찌 가방 오피디아 스몰 숄더백,750000,https://media.bunjang.co.kr/product/416277956_1_1782454300_w{res}.jpg,https://m.bunjang.co.kr/products/416277956
번개장터,구찌,가방,구찌 가방,370000,https://media.bunjang.co.kr/product/415148835_1_1781945753_w{res}.jpg,https://m.bunjang.co.kr/products/415148835
번개장터,구찌,가방,구찌 오피디아 GG수프림 토일레트리 클러치 파우치 598234 가방,580000,https://media.bunjang.co.kr/product/417957480_1_1783167500_w{res}.jpg,https://m.bunjang.co.kr/products/417957480
번개장터,구찌,가방,정품 구찌 가방 여성 쟈가드 가죽 배색 숄더백 토트백,450000,https://media.bunjang.co.kr/product/265600603_1_1742564305_w{res}.jpg,https://m.bunjang.co.kr/products/265600603
번개장터,구찌,가방,정품  구찌 GG  메신저 크로스백 가방 가로36세로30,450000,https://media.bunjang.co.kr/product/417720141_1_1783081146_w{res}.jpg,https://m.bunjang.co.kr/products/417720141
번개장터,구찌,가방,정품 구찌 숄더백 가방 가로31,299000,https://media.bunjang.co.kr/product/416107591_1_1782373393_w{res}.jpg,https://m.bunjang.co.kr/products/416107591
번개장터,구찌,가방,구찌 가방 오피디아 스몰 숄더백,750000,https://media.bunjang.co.kr/product/415820469_1_1782229899_w{res}.jpg,https://m.bunjang.co.kr/products/415820469
번개장터,구찌,가방,구찌 홀스빗 1955 탑핸들 블랙  가방,1880000,https://media.bunjang.co.kr/product/315809400_1_1783301802_w{res}.jpg,https://m.bunjang.co.kr/products/315809400
번개장터,구찌,가방,구찌 GG수프림 리버서블 양면 쇼퍼 토트백 블랙 368568 가방,830000,https://media.bunjang.co.kr/product/417505418_1_1783338186_w{res}.jpg,https://m.bunjang.co.kr/products/417505418
번개장터,구찌,가방,정품 구찌 크로스백 가방 가로34세로29,280000,https://media.bunjang.co.kr/product/416885542_1_1782711959_w{res}.jpg,https://m.bunjang.co.kr/products/416885542
번개장터,구찌,가방,구찌 크로스 백 가방,470000,https://media.bunjang.co.kr/product/415296370_1_1782469452_w{res}.jpg,https://m.bunjang.co.kr/products/415296370
번개장터,구찌,가방,구찌 가방,134000,https://media.bunjang.co.kr/product/414626717_1_1784260475_w{res}.jpg,https://m.bunjang.co.kr/products/414626717
번개장터,구찌,가방,구찌 브라운 가죽 서류가방 여행가방 빅백 중고 명품 가방 은피아노,450000,https://media.bunjang.co.kr/product/417656843_1_1783062845_w{res}.jpg,https://m.bunjang.co.kr/products/417656843
번개장터,구찌,가방,구찌 GG 수프림 클러치 백 가방,280000,https://media.bunjang.co.kr/product/386961116_1_1778326122_w{res}.jpg,https://m.bunjang.co.kr/products/386961116
번개장터,구찌,가방,정품 구찌남성가방 GG수프림 플랫 크로스백 ㅡ하자있음,150000,https://media.bunjang.co.kr/product/416742399_1_1782643960_w{res}.jpg,https://m.bunjang.co.kr/products/416742399
번개장터,구찌,가방,구찌 마몽 마틀라세 숄더백 블랙 스몰 정품 구찌 여성 가방,1290000,https://media.bunjang.co.kr/product/416643082_1_1785655498_w{res}.jpg,https://m.bunjang.co.kr/products/416643082
번개장터,구찌,가방,구찌 724612 사보이 라지 더플백 여행가방  37411Y,2200000,https://media.bunjang.co.kr/product/417085698_1_1782805116_w{res}.jpg,https://m.bunjang.co.kr/products/417085698
번개장터,구찌,가방,정품 구찌 가방 여성 쟈가드 숄더백 호보백 토트백,400000,https://media.bunjang.co.kr/product/227957198_1_1720836480_w{res}.jpg,https://m.bunjang.co.kr/products/227957198
번개장터,구찌,가방,정품 구찌 숄더백 토트백 가방 가로24세로30,178000,https://media.bunjang.co.kr/product/416885822_1_1782712056_w{res}.jpg,https://m.bunjang.co.kr/products/416885822
번개장터,구찌,가방,여성 구찌 가방,2300000,https://media.bunjang.co.kr/product/414360190_1_1786344319_w{res}.jpg,https://m.bunjang.co.kr/products/414360190
번개장터,구찌,가방,[OS]구찌 가방 오피디아 스몰 숄더백,750000,https://media.bunjang.co.kr/product/415133630_1_1781941588_w{res}.jpg,https://m.bunjang.co.kr/products/415133630
번개장터,구찌,가방,구찌 뱀부 테슬 레더 클러치백 449653 가방,240000,https://media.bunjang.co.kr/product/415413035_1_1782991083_w{res}.jpg,https://m.bunjang.co.kr/products/415413035
번개장터,구찌,가방,구찌 가방,153000,https://media.bunjang.co.kr/product/413843578_1_1784609199_w{res}.jpg,https://m.bunjang.co.kr/products/413843578
번개장터,구찌,가방,구찌 821149 GG 엠블럼 미디엄 브리프케이스 서류가방37395Y-2,2100000,https://media.bunjang.co.kr/product/416859205_1_1782702100_w{res}.jpg,https://m.bunjang.co.kr/products/416859205
번개장터,구찌,가방,구찌 토트백 가방 판매합니다,1300000,https://media.bunjang.co.kr/product/415072259_1_1782450348_w{res}.jpg,https://m.bunjang.co.kr/products/415072259
번개장터,구찌,가방,구찌 GG 수프림 빈티지 하드 브리프케이스 (수트케이스/여행가방),1050000,https://media.bunjang.co.kr/product/416025081_1_1785895793_w{res}.jpg,https://m.bunjang.co.kr/products/416025081
번개장터,구찌,가방,정품 구찌 크로스백 가방 가로24세로21,128000,https://media.bunjang.co.kr/product/415498868_1_1782101458_w{res}.jpg,https://m.bunjang.co.kr/products/415498868
번개장터,구찌,가방,구찌 마몬트 가방,900000,https://media.bunjang.co.kr/product/413709607_1_1781935452_w{res}.jpg,https://m.bunjang.co.kr/products/413709607
번개장터,구찌,가방,구찌 토트백 가방 판매합니다,1300000,https://media.bunjang.co.kr/product/414844796_1_1782450331_w{res}.jpg,https://m.bunjang.co.kr/products/414844796
번개장터,구찌,가방,새제품급/구찌woc가방(백화점구매),798000,https://media.bunjang.co.kr/product/414797328_1_1781779484_w{res}.jpg,https://m.bunjang.co.kr/products/414797328
번개장터,구찌,가방,(정품)구찌 재키백 미니 호보백//구찌가방,1280000,https://media.bunjang.co.kr/product/414808992_1_1781783131_w{res}.jpg,https://m.bunjang.co.kr/products/414808992
번개장터,구찌,가방,구찌 GG 오피디아 블랙 삼선 가죽 클러치백 517551 가방,520000,https://media.bunjang.co.kr/product/415412860_1_1782991072_w{res}.jpg,https://m.bunjang.co.kr/products/415412860
번개장터,구찌,가방,구찌 패들락 숄더백 스몰 베이지 화이트 여성가방,790000,https://media.bunjang.co.kr/product/397173037_1_1774347639_w{res}.jpg,https://m.bunjang.co.kr/products/397173037
번개장터,구찌,가방,정품 구찌 숄더백 크로스백 가방 가로24,285000,https://media.bunjang.co.kr/product/414609051_1_1781682127_w{res}.jpg,https://m.bunjang.co.kr/products/414609051
번개장터,구찌,가방,(새상품급)/구찌인터로킹체인가방(백화점구매),899000,https://media.bunjang.co.kr/product/414789635_1_1781776484_w{res}.jpg,https://m.bunjang.co.kr/products/414789635
번개장터,구찌,가방,(새상품급)구찌인터로킹체인가방/백화점구매,898000,https://media.bunjang.co.kr/product/414779688_1_1781777070_w{res}.jpg,https://m.bunjang.co.kr/products/414779688
번개장터,구찌,가방,GUCCI HERITAGE WEB STRAP HOBO BAG,200000,https://media.bunjang.co.kr/product/414755553_1_1784554071_w{res}.jpg,https://m.bunjang.co.kr/products/414755553
번개장터,구찌,가방,구찌 1955 홀스빗 민 탑핸들 숄더백 블랙 703848 가방,1850000,https://media.bunjang.co.kr/product/415412748_1_1782048601_w{res}.jpg,https://m.bunjang.co.kr/products/415412748
번개장터,구찌,가방,구찌가방,1600000,https://media.bunjang.co.kr/product/413116960_1_1780887303_w{res}.jpg,https://m.bunjang.co.kr/products/413116960
번개장터,구찌,가방,(새상품급)/구찌인터로킹체인가방(백화점구매),899000,https://media.bunjang.co.kr/product/414791167_1_1781777049_w{res}.jpg,https://m.bunjang.co.kr/products/414791167
번개장터,구찌,가방,구찌가방,1600000,https://media.bunjang.co.kr/product/413117073_1_1780887376_w{res}.jpg,https://m.bunjang.co.kr/products/413117073
번개장터,구찌,가방,구찌 쇼퍼백 블랙 서류가방,315000,https://media.bunjang.co.kr/product/413721566_1_1781236959_w{res}.jpg,https://m.bunjang.co.kr/products/413721566
번개장터,구찌,가방,클래식한 구찌 GG 캔버스 토트백이에요브라운 색상에 고급스러운 디자인이 돋보여요내부 수납공간도 넉넉해서 데일리로 사용하기 좋아요어떤 옷에도 잘 어울리는 매력적인 가방이랍니다,120000,https://media.bunjang.co.kr/product/422378366_1_1785375854_w{res}.jpg,https://m.bunjang.co.kr/products/422378366
번개장터,구찌,가방,구찌 GG 임프림 브리프케이스 서류가방 토트백 숄더백 208468,850000,https://media.bunjang.co.kr/product/415412902_1_1782991079_w{res}.jpg,https://m.bunjang.co.kr/products/415412902
번개장터,구찌,가방,구찌 GG 카프스킨 러닝 핸드백 토트백 블랙 레더 247183 가방,850000,https://media.bunjang.co.kr/product/415412944_1_1782048652_w{res}.jpg,https://m.bunjang.co.kr/products/415412944
번개장터,구찌,가방,구찌 GG 캔버스수프림 블랙 라지 토트백 숄더백 남성 495559 가방,1150000,https://media.bunjang.co.kr/product/415412988_1_1782048664_w{res}.jpg,https://m.bunjang.co.kr/products/415412988
번개장터,구찌,가방,구찌 토트백 GG 수프림 캔버스백 서류가방 495559,769000,https://media.bunjang.co.kr/product/414545926_1_1781635536_w{res}.jpg,https://m.bunjang.co.kr/products/414545926
번개장터,구찌,가방,정품 구찌 크로스백 가방 가로22세로23,175000,https://media.bunjang.co.kr/product/414463918_1_1781595870_w{res}.jpg,https://m.bunjang.co.kr/products/414463918
번개장터,구찌,가방,구찌가방 정품 스트랩 아이보리 금장,80000,https://media.bunjang.co.kr/product/413422585_1_1781057168_w{res}.jpg,https://m.bunjang.co.kr/products/413422585
번개장터,구찌,가방,"구찌 GUCCI 뱀부 2WAY 서류가방 블랙(남녀공용 브리프케이스,희소)",469000,https://media.bunjang.co.kr/product/410901224_1_1780021080_w{res}.jpg,https://m.bunjang.co.kr/products/410901224
번개장터,구찌,가방,구찌가방,50000,https://media.bunjang.co.kr/product/410904715_1_1780022526_w{res}.jpg,https://m.bunjang.co.kr/products/410904715
번개장터,구찌,가방,(정품) 구찌 나일론 블랙 백팩 여성 가방,331000,https://media.bunjang.co.kr/product/412605568_1_1785660415_w{res}.jpg,https://m.bunjang.co.kr/products/412605568
번개장터,구찌,가방,(정품) 구찌 나일론 블랙 백팩 여성 가방,328000,https://media.bunjang.co.kr/product/412457044_1_1785658157_w{res}.jpg,https://m.bunjang.co.kr/products/412457044
번개장터,구찌,가방,구찌 가방,102000,https://media.bunjang.co.kr/product/410666073_1_1785095952_w{res}.jpg,https://m.bunjang.co.kr/products/410666073
번개장터,구찌,가방,(구찌/새상품) 수프림 서류가방 브리프케이스 블랙,2150000,https://media.bunjang.co.kr/product/412781080_1_1786837042_w{res}.jpg,https://m.bunjang.co.kr/products/412781080
번개장터,구찌,가방,구찌 가방,1500000,https://media.bunjang.co.kr/product/410542461_1_1779857137_w{res}.jpg,https://m.bunjang.co.kr/products/410542461
번개장터,구찌,가방,구찌 백팩가방 (급매함),1850000,https://media.bunjang.co.kr/product/411934525_1_1786933516_w{res}.jpg,https://m.bunjang.co.kr/products/411934525
번개장터,구찌,가방,구찌 가방 클러치백 오피디아 플랩,550000,https://media.bunjang.co.kr/product/411469724_1_1780209006_w{res}.jpg,https://m.bunjang.co.kr/products/411469724
번개장터,구찌,가방,(정품) 구찌 GG 자카드 투포켓 백팩 여성 가방,451000,https://media.bunjang.co.kr/product/412606263_1_1785660407_w{res}.jpg,https://m.bunjang.co.kr/products/412606263
번개장터,구찌,가방,(정품) 구찌 GG 자카드 투포켓 백팩 여성 가방,436000,https://media.bunjang.co.kr/product/412457395_1_1785658151_w{res}.jpg,https://m.bunjang.co.kr/products/412457395
번개장터,구찌,가방,구찌 547953 GG 수프림 오피디아 캐리온 더플백 미듐 여행가방 37,1900000,https://media.bunjang.co.kr/product/413149007_1_1780903093_w{res}.jpg,https://m.bunjang.co.kr/products/413149007
번개장터,구찌,가방,구찌 가방 마몽 미니 탑 핸들 백,1050000,https://media.bunjang.co.kr/product/411470049_1_1780209065_w{res}.jpg,https://m.bunjang.co.kr/products/411470049
번개장터,구찌,가방,(정품) 구찌 블랙 GG 로고 삼선 보스턴 여행 가방 트래블백,481000,https://media.bunjang.co.kr/product/412600047_1_1785660482_w{res}.jpg,https://m.bunjang.co.kr/products/412600047
번개장터,구찌,가방,정품)구찌뱀부서류가방,459000,https://media.bunjang.co.kr/product/228546928_1_1752577122_w{res}.jpg,https://m.bunjang.co.kr/products/228546928
번개장터,구찌,가방,[OS] 구찌 스네이크 토트백 가방,400000,https://media.bunjang.co.kr/product/410740397_1_1779945791_w{res}.jpg,https://m.bunjang.co.kr/products/410740397
번개장터,구찌,가방,(정품) 구찌 블랙 GG 로고 삼선 보스턴 여행 가방 트래블백,400000,https://media.bunjang.co.kr/product/412450740_1_1786575239_w{res}.jpg,https://m.bunjang.co.kr/products/412450740
번개장터,구찌,가방,[OS]구찌 가방 마몽 미니 탑 핸들 백,1050000,https://media.bunjang.co.kr/product/411221535_1_1780124076_w{res}.jpg,https://m.bunjang.co.kr/products/411221535
번개장터,구찌,가방,정품 구찌 숄더백 가방 가로31,168000,https://media.bunjang.co.kr/product/410374381_1_1779777150_w{res}.jpg,https://m.bunjang.co.kr/products/410374381
번개장터,구찌,가방,정품 구찌 토트백 크로스백 가방 가로30,128000,https://media.bunjang.co.kr/product/410948537_1_1780038052_w{res}.jpg,https://m.bunjang.co.kr/products/410948537
번개장터,구찌,가방,구찌 가방(  벗겨짐  하자),300000,https://media.bunjang.co.kr/product/410154867_1_1781143248_w{res}.jpg,https://m.bunjang.co.kr/products/410154867
번개장터,구찌,가방,구찌 디오니소스 버건디 미니체인백 (여성가방),860000,https://media.bunjang.co.kr/product/335883150_1_1779516112_w{res}.jpg,https://m.bunjang.co.kr/products/335883150
번개장터,구찌,가방,구찌 마몽 마틀라세 골드 가방 K24315GU 판매합니다,600000,https://media.bunjang.co.kr/product/411520674_1_1780220697_w{res}.jpg,https://m.bunjang.co.kr/products/411520674
번개장터,구찌,가방,구찌 가방 네오 빈티지 GG수프림 메신저 크로스백,850000,https://media.bunjang.co.kr/product/410275969_1_1779717609_w{res}.jpg,https://m.bunjang.co.kr/products/410275969
번개장터,구찌,가방,구찌 오디피아 더플 사보이 여행용가방 보스턴백  696039,2400000,https://media.bunjang.co.kr/product/410924427_1_1780029860_w{res}.jpg,https://m.bunjang.co.kr/products/410924427
번개장터,구찌,가방,구찌 GG 수프림 블랙 서류 가방 !정품!,1500000,https://media.bunjang.co.kr/product/409585611_1_1779436460_w{res}.jpg,https://m.bunjang.co.kr/products/409585611
번개장터,구찌,가방,구찌 디오니소스 가방 화이트 스몰,1200000,https://media.bunjang.co.kr/product/408622866_1_1779006379_w{res}.jpg,https://m.bunjang.co.kr/products/408622866
번개장터,구찌,가방,풀박스) 구찌 아디다스 남녀공용 가방 (새상품 컨디션),480000,https://media.bunjang.co.kr/product/409575587_1_1779433482_w{res}.jpg,https://m.bunjang.co.kr/products/409575587
번개장터,구찌,가방,"구찌 패드락 숄더백 스몰 bee(구찌 가방,구찌백)",1250000,https://media.bunjang.co.kr/product/203566964_1_1774496170_w{res}.jpg,https://m.bunjang.co.kr/products/203566964
번개장터,구찌,가방,정품 구찌 토트백 가방 가로35. (스트랩분실),260000,https://media.bunjang.co.kr/product/409573141_1_1779432742_w{res}.jpg,https://m.bunjang.co.kr/products/409573141
번개장터,구찌,가방,GUCCI shoulder bag,1280000,https://media.bunjang.co.kr/product/407891787_1_1778681850_w{res}.jpg,https://m.bunjang.co.kr/products/407891787
번개장터,구찌,가방,두하빈티지 구찌 GG 로고 보스턴백 가방 토트백,380000,https://media.bunjang.co.kr/product/409393801_1_1779350953_w{res}.jpg,https://m.bunjang.co.kr/products/409393801
번개장터,구찌,가방,GUCCI shoulder bag,1600000,https://media.bunjang.co.kr/product/407689019_1_1778591751_w{res}.jpg,https://m.bunjang.co.kr/products/407689019
번개장터,구찌,가방,구찌 아프로디테 숄더백 스몰 화이트 가방,1300000,https://media.bunjang.co.kr/product/407780598_1_1778647626_w{res}.jpg,https://m.bunjang.co.kr/products/407780598
번개장터,구찌,가방,[거의 새상품] 구찌 서류 가죽 가방 블랙,1500000,https://media.bunjang.co.kr/product/407932379_1_1778715311_w{res}.jpg,https://m.bunjang.co.kr/products/407932379
번개장터,구찌,가방,구찌 중형가방박스 쇼핑백 더스트 속지 상태최상 정품,45000,https://media.bunjang.co.kr/product/408725035_1_1779037113_w{res}.jpg,https://m.bunjang.co.kr/products/408725035
번개장터,구찌,가방,구찌가방,2300000,https://media.bunjang.co.kr/product/405800698_1_1777846274_w{res}.jpg,https://m.bunjang.co.kr/products/405800698
번개장터,구찌,가방,구찌(정품)여성(가죽가방),500000,https://media.bunjang.co.kr/product/406753195_1_1778222169_w{res}.jpg,https://m.bunjang.co.kr/products/406753195
번개장터,구찌,가방,(정품)구찌 오피디아 GG 체인 숄더백//구찌가방,790000,https://media.bunjang.co.kr/product/406992319_1_1778315583_w{res}.jpg,https://m.bunjang.co.kr/products/406992319
번개장터,구찌,가방,구찌 뱀부 핸들 가방 토트백 브라운,400000,https://media.bunjang.co.kr/product/406971274_1_1778309720_w{res}.jpg,https://m.bunjang.co.kr/products/406971274
번개장터,구찌,가방,(교환가능) 구찌 인터로킹 탑핸들 블랙 가방,500000,https://media.bunjang.co.kr/product/407336863_1_1778442872_w{res}.jpg,https://m.bunjang.co.kr/products/407336863
번개장터,구찌,가방,구찌 GG 수프림 메신저 가방,799000,https://media.bunjang.co.kr/product/376610496_1_1773107349_w{res}.jpg,https://m.bunjang.co.kr/products/376610496
번개장터,구찌,가방,정품 구찌 크로스백 가방 가로34세로29,230000,https://media.bunjang.co.kr/product/407410162_1_1778481859_w{res}.jpg,https://m.bunjang.co.kr/products/407410162
번개장터,구찌,가방,구찌 GG 패턴 백팩 가방,450000,https://media.bunjang.co.kr/product/405954818_1_1786760750_w{res}.jpg,https://m.bunjang.co.kr/products/405954818
번개장터,구찌,가방,구찌 가방,750000,https://media.bunjang.co.kr/product/404466745_1_1785485504_w{res}.jpg,https://m.bunjang.co.kr/products/404466745
번개장터,구찌,가방,구찌가방 버킷백 복조리백,2000000,https://media.bunjang.co.kr/product/405800521_1_1777846169_w{res}.jpg,https://m.bunjang.co.kr/products/405800521
번개장터,구찌,가방,구찌 홀스빗 GG 수프림 탑 핸들 가방,1480000,https://media.bunjang.co.kr/product/406067789_1_1777950828_w{res}.jpg,https://m.bunjang.co.kr/products/406067789
번개장터,구찌,가방,구찌 빈티지 GG모노그램 가먼트 캐리어백 여행가방,219000,https://media.bunjang.co.kr/product/406751601_1_1778221529_w{res}.jpg,https://m.bunjang.co.kr/products/406751601
번개장터,구찌,가방,Gucci Horsebit medium bag,3290000,https://media.bunjang.co.kr/product/404538776_1_1786948523_w{res}.jpg,https://m.bunjang.co.kr/products/404538776
번개장터,구찌,가방,구찌 인터로킹 탑핸들 가방 그레이,807500,https://media.bunjang.co.kr/product/405020161_1_1779082672_w{res}.jpg,https://m.bunjang.co.kr/products/405020161
번개장터,구찌,가방,구찌 GG 브리프케이스 서류가방 및 백팩,1800000,https://media.bunjang.co.kr/product/326241530_1_1743663291_w{res}.jpg,https://m.bunjang.co.kr/products/326241530
번개장터,구찌,가방,정품 구찌 숄더백 가방 가로40,299000,https://media.bunjang.co.kr/product/404524940_1_1777355895_w{res}.jpg,https://m.bunjang.co.kr/products/404524940
번개장터,구찌,가방,(미사용)구찌 크로스백/탑핸들 미니 새상품급 정품(영수증0)명품가방,1620000,https://media.bunjang.co.kr/product/407214619_1_1778401329_w{res}.jpg,https://m.bunjang.co.kr/products/407214619
번개장터,구찌,가방,구찌 마몬트 마틀라쎄 가방,700000,https://media.bunjang.co.kr/product/404265110_1_1777245799_w{res}.jpg,https://m.bunjang.co.kr/products/404265110
번개장터,구찌,가방,Gucci Marmont Bag medium,1890000,https://media.bunjang.co.kr/product/404537380_1_1786948482_w{res}.jpg,https://m.bunjang.co.kr/products/404537380
번개장터,구찌,가방,구찌가방,350000,https://media.bunjang.co.kr/product/402481659_1_1778157579_w{res}.jpg,https://m.bunjang.co.kr/products/402481659
번개장터,구찌,가방,GUCCI 구찌 모노그램 로얄 여성 호보백 가방,300000,https://media.bunjang.co.kr/product/400088783_1_1776944273_w{res}.jpg,https://m.bunjang.co.kr/products/400088783
번개장터,구찌,가방,정품 구찌 여성가방 캔버스 숄더백 팔아요~(수선필요),170000,https://media.bunjang.co.kr/product/405103982_1_1779153113_w{res}.jpg,https://m.bunjang.co.kr/products/405103982
번개장터,구찌,가방,(정품) 구찌 알리백 마몬트 크로스백 (명품 여자 가방),480000,https://media.bunjang.co.kr/product/404784994_1_1777456731_w{res}.jpg,https://m.bunjang.co.kr/products/404784994
번개장터,구찌,가방,정품구찌가방,390000,https://media.bunjang.co.kr/product/255355577_1_1770355511_w{res}.jpg,https://m.bunjang.co.kr/products/255355577
번개장터,구찌,가방,tom ford era gucci 90s shoulder bag,780000,https://media.bunjang.co.kr/product/404929544_1_1777522719_w{res}.jpg,https://m.bunjang.co.kr/products/404929544
번개장터,구찌,가방,구찌 GG 수프림 브리프 케이스 서류가방 25년 474135,2100000,https://media.bunjang.co.kr/product/404750456_1_1777447849_w{res}.jpg,https://m.bunjang.co.kr/products/404750456
번개장터,구찌,가방,정품 구찌 숄더백 토트백 가방 가로45,299000,https://media.bunjang.co.kr/product/403673975_1_1777013438_w{res}.jpg,https://m.bunjang.co.kr/products/403673975
번개장터,구찌,가방,(정품) 구찌 GG 투포켓 나일론 백팩 (명품 남자 여자 가방 크로스백),550000,https://media.bunjang.co.kr/product/404669831_1_1777419473_w{res}.jpg,https://m.bunjang.co.kr/products/404669831
번개장터,구찌,가방,구찌가방,1600000,https://media.bunjang.co.kr/product/401124358_1_1775982084_w{res}.jpg,https://m.bunjang.co.kr/products/401124358
번개장터,구찌,가방,(정품) 구찌 GG 슈프림 캔버스 브리프케이스 서류가방,322000,https://media.bunjang.co.kr/product/403372724_1_1785658320_w{res}.jpg,https://m.bunjang.co.kr/products/403372724
번개장터,구찌,가방,구찌 GG 캔버스 브리프케이스(서류가방)(정품),450000,https://media.bunjang.co.kr/product/402900407_1_1778202103_w{res}.jpg,https://m.bunjang.co.kr/products/402900407
번개장터,구찌,가방,구찌 가방 브라이트 블루 핸드백 새상품급,900000,https://media.bunjang.co.kr/product/402851546_1_1776657047_w{res}.jpg,https://m.bunjang.co.kr/products/402851546
번개장터,구찌,가방,정품 구찌 오피디아 메신저백 크로스백 가방 가로22세로25,510000,https://media.bunjang.co.kr/product/403671847_1_1777012814_w{res}.jpg,https://m.bunjang.co.kr/products/403671847
번개장터,구찌,가방,정품구찌가방 숄더백,380000,https://media.bunjang.co.kr/product/401201077_1_1775999953_w{res}.jpg,https://m.bunjang.co.kr/products/401201077
번개장터,구찌,가방,구찌 woc 미니백 가방,450000,https://media.bunjang.co.kr/product/401048143_1_1781710074_w{res}.jpg,https://m.bunjang.co.kr/products/401048143
번개장터,구찌,가방,구찌 가방,380000,https://media.bunjang.co.kr/product/400346294_1_1786540710_w{res}.jpg,https://m.bunjang.co.kr/products/400346294
번개장터,구찌,가방,구찌 마몬트 마틀라세스가방,750000,https://media.bunjang.co.kr/product/401323792_1_1776068415_w{res}.jpg,https://m.bunjang.co.kr/products/401323792
번개장터,구찌,가방,(정품) 구찌 GG 슈프림 캔버스 브리프케이스 서류가방,323000,https://media.bunjang.co.kr/product/402768201_1_1785660499_w{res}.jpg,https://m.bunjang.co.kr/products/402768201
번개장터,구찌,가방,정품 구찌 숄더백 가방 가로31,199000,https://media.bunjang.co.kr/product/401531074_1_1776148999_w{res}.jpg,https://m.bunjang.co.kr/products/401531074
번개장터,구찌,가방,구찌 웹삼선 클러치 가방,400000,https://media.bunjang.co.kr/product/387801941_1_1777846287_w{res}.jpg,https://m.bunjang.co.kr/products/387801941
번개장터,구찌,가방,정품 구찌 GG 캔버스 호보백 가방,470000,https://media.bunjang.co.kr/product/401853688_1_1778157780_w{res}.jpg,https://m.bunjang.co.kr/products/401853688
번개장터,구찌,가방,(정품) 구찌 GG 수프림 쇼퍼백 토트백 여성 기저귀 가방,104000,https://media.bunjang.co.kr/product/402701135_1_1776612882_w{res}.jpg,https://m.bunjang.co.kr/products/402701135
번개장터,구찌,가방,(정품) 구찌 GG 수프림 쇼퍼백 토트백 여성 기저귀 가방,104000,https://media.bunjang.co.kr/product/402702155_1_1776612873_w{res}.jpg,https://m.bunjang.co.kr/products/402702155
번개장터,구찌,가방,구찌 스몰가방박스 중형 쇼핑백 더스트 속지리본 상태최상 정품,45000,https://media.bunjang.co.kr/product/403172135_1_1776783543_w{res}.jpg,https://m.bunjang.co.kr/products/403172135
번개장터,구찌,가방,구찌 가방,1000000,https://media.bunjang.co.kr/product/399656091_1_1775966842_w{res}.jpg,https://m.bunjang.co.kr/products/399656091
번개장터,구찌,가방,구찌여성가방,400000,https://media.bunjang.co.kr/product/399954186_1_1781513107_w{res}.jpg,https://m.bunjang.co.kr/products/399954186
번개장터,구찌,가방,구찌 가방 인터로킹 크로스백 레드,420000,https://media.bunjang.co.kr/product/229056660_1_1767709893_w{res}.jpg,https://m.bunjang.co.kr/products/229056660
번개장터,구찌,가방,구찌 웹삼선 클러치 가방,400000,https://media.bunjang.co.kr/product/400204405_1_1775623598_w{res}.jpg,https://m.bunjang.co.kr/products/400204405
번개장터,구찌,가방,구찌 가방 GG 마몽 크로스백 가방 팝니다~!,500000,https://media.bunjang.co.kr/product/400402320_1_1775706239_w{res}.jpg,https://m.bunjang.co.kr/products/400402320
번개장터,구찌,가방,구찌 블랑앤꼴레드 맥시 GG 한정판 더플백 보스턴백 여행가방 696039,2380000,https://media.bunjang.co.kr/product/303288296_1_1763360040_w{res}.jpg,https://m.bunjang.co.kr/products/303288296
번개장터,구찌,가방,구찌 웹삼선 클러치 가방,400000,https://media.bunjang.co.kr/product/399877262_1_1775473652_w{res}.jpg,https://m.bunjang.co.kr/products/399877262
번개장터,구찌,가방,구찌 웹삼선 클러치 가방,400000,https://media.bunjang.co.kr/product/399777812_1_1775547856_w{res}.jpg,https://m.bunjang.co.kr/products/399777812
번개장터,구찌,가방,구찌 GG 로고 블랙 서류 가방,500000,https://media.bunjang.co.kr/product/399887626_1_1785928215_w{res}.jpg,https://m.bunjang.co.kr/products/399887626
번개장터,구찌,가방,구찌 GG패턴 소형파우치 가방,60000,https://media.bunjang.co.kr/product/399783333_1_1775633795_w{res}.jpg,https://m.bunjang.co.kr/products/399783333
번개장터,구찌,가방,(정품) 구찌 GG 수프림 캔버스 플랩 백팩 가방,462000,https://media.bunjang.co.kr/product/400154372_1_1785660011_w{res}.jpg,https://m.bunjang.co.kr/products/400154372
번개장터,구찌,가방,구찌 화이트 탑핸들 가방 금장 장식,290000,https://media.bunjang.co.kr/product/399798444_1_1775449951_w{res}.jpg,https://m.bunjang.co.kr/products/399798444
번개장터,구찌,가방,구찌 인터로킹 가방,650000,https://media.bunjang.co.kr/product/398180031_1_1774788983_w{res}.jpg,https://m.bunjang.co.kr/products/398180031
번개장터,구찌,가방,구찌 GG 수프림 블랙 토트백 서류가방 495559,880000,https://media.bunjang.co.kr/product/400059293_1_1775554286_w{res}.jpg,https://m.bunjang.co.kr/products/400059293
번개장터,구찌,가방,구찌 마몽드 GG하프문 가방,880000,https://media.bunjang.co.kr/product/398561537_1_1776862336_w{res}.jpg,https://m.bunjang.co.kr/products/398561537
번개장터,구찌,가방,(정품) 구찌 GG 수프림 브리프케이스 서류가방 토트백구찌 정품제품,510000,https://media.bunjang.co.kr/product/400156252_1_1775600666_w{res}.jpg,https://m.bunjang.co.kr/products/400156252
번개장터,구찌,가방,(정품) 구찌 GG 나일론 스몰 백팩 멀티컬러 힙색 가방 (미사용),1242000,https://media.bunjang.co.kr/product/400357519_1_1776498041_w{res}.jpg,https://m.bunjang.co.kr/products/400357519
번개장터,구찌,가방,(정품) 구찌 GG 수프림 캔버스 플랩 백팩 가방,469000,https://media.bunjang.co.kr/product/398807382_1_1786962341_w{res}.jpg,https://m.bunjang.co.kr/products/398807382
번개장터,구찌,가방,Gucci 구찌 가방 GG 로고 숄더백 빈티지 구찌 빈티지백,500000,https://media.bunjang.co.kr/product/393829271_1_1772900834_w{res}.jpg,https://m.bunjang.co.kr/products/393829271
번개장터,구찌,가방,구찌가방,446500,https://media.bunjang.co.kr/product/395872682_1_1773813182_w{res}.jpg,https://m.bunjang.co.kr/products/395872682
번개장터,구찌,가방,(정품) 구찌 GG 수프림 브리프케이스 남자 서류가방 토트백,452000,https://media.bunjang.co.kr/product/398811082_1_1780011100_w{res}.jpg,https://m.bunjang.co.kr/products/398811082
번개장터,구찌,가방,정품) 구찌 286307 히스테리아 가방,265000,https://media.bunjang.co.kr/product/201598075_1_1669170112_w{res}.jpg,https://m.bunjang.co.kr/products/201598075
번개장터,구찌,가방,구찌 가방미듐박스 / 쇼핑백 / 속지 정품 패키징 풀세트,80000,https://media.bunjang.co.kr/product/398684554_1_1782633833_w{res}.jpg,https://m.bunjang.co.kr/products/398684554
번개장터,구찌,가방,[OS] 구찌 스크립트 woc 체인 가방,450000,https://media.bunjang.co.kr/product/396748732_1_1774168557_w{res}.jpg,https://m.bunjang.co.kr/products/396748732
번개장터,구찌,가방,구찌가방,890000,https://media.bunjang.co.kr/product/394790359_1_1775476364_w{res}.jpg,https://m.bunjang.co.kr/products/394790359
번개장터,구찌,가방,구찌 693664 사보이 미디엄 트롤리 캐리어 여행가방36886-2,2750000,https://media.bunjang.co.kr/product/397907224_1_1774686266_w{res}.jpg,https://m.bunjang.co.kr/products/397907224
번개장터,구찌,가방,구찌 웹삼선 클러치 가방,380000,https://media.bunjang.co.kr/product/395618477_1_1777846413_w{res}.jpg,https://m.bunjang.co.kr/products/395618477
번개장터,구찌,가방,구찌 가방,200000,https://media.bunjang.co.kr/product/394464841_1_1773158154_w{res}.jpg,https://m.bunjang.co.kr/products/394464841
번개장터,구찌,가방,구찌 디오니소스 가방,900000,https://media.bunjang.co.kr/product/394604377_1_1773231690_w{res}.jpg,https://m.bunjang.co.kr/products/394604377
번개장터,구찌,가방,구찌가방,2500000,https://media.bunjang.co.kr/product/394176182_1_1773044491_w{res}.jpg,https://m.bunjang.co.kr/products/394176182
번개장터,구찌,가방,구찌 씨마 빅토트 여행가방 라지 보스턴백 골프백 201482,430000,https://media.bunjang.co.kr/product/397076666_1_1774315325_w{res}.jpg,https://m.bunjang.co.kr/products/397076666
번개장터,구찌,가방,구찌 GG마몽 마틀라세 미니 가방 버건디,500000,https://media.bunjang.co.kr/product/395673647_1_1775439467_w{res}.jpg,https://m.bunjang.co.kr/products/395673647
번개장터,구찌,가방,구찌 가방 스카이 블루 숄더백,850000,https://media.bunjang.co.kr/product/394896670_1_1773382988_w{res}.jpg,https://m.bunjang.co.kr/products/394896670
번개장터,구찌,가방,구찌가방 GG 인터로킹 숄더백 핑크 정품,2000000,https://media.bunjang.co.kr/product/395527407_1_1775603858_w{res}.jpg,https://m.bunjang.co.kr/products/395527407
번개장터,구찌,가방,구찌 스웨이드가방,1700000,https://media.bunjang.co.kr/product/393993697_1_1772966149_w{res}.jpg,https://m.bunjang.co.kr/products/393993697
번개장터,구찌,가방,"정품 구찌 가방 GG패턴 블랙 토트백,숄더백",520000,https://media.bunjang.co.kr/product/395720472_1_1775562654_w{res}.jpg,https://m.bunjang.co.kr/products/395720472
번개장터,구찌,가방,구찌가방(정품),1500000,https://media.bunjang.co.kr/product/393303075_1_1772699346_w{res}.jpg,https://m.bunjang.co.kr/products/393303075
번개장터,구찌,가방,구찌정품가방,1890000,https://media.bunjang.co.kr/product/390292303_1_1781934250_w{res}.jpg,https://m.bunjang.co.kr/products/390292303
번개장터,구찌,가방,구찌 가방,500000,https://media.bunjang.co.kr/product/392911222_1_1772523060_w{res}.jpg,https://m.bunjang.co.kr/products/392911222
번개장터,구찌,가방,정품 구찌 가방,199000,https://media.bunjang.co.kr/product/393169777_1_1786781261_w{res}.jpg,https://m.bunjang.co.kr/products/393169777
번개장터,구찌,가방,구찌 가방 뱀부,2300000,https://media.bunjang.co.kr/product/393181606_1_1780200632_w{res}.jpg,https://m.bunjang.co.kr/products/393181606
번개장터,구찌,가방,정품 구찌 숄더백 가방 가로36,258000,https://media.bunjang.co.kr/product/394208760_1_1773053073_w{res}.jpg,https://m.bunjang.co.kr/products/394208760
번개장터,구찌,가방,구찌 GG 수프림 브리프케이스 서류가방 474135,1420000,https://media.bunjang.co.kr/product/394877281_1_1777625495_w{res}.jpg,https://m.bunjang.co.kr/products/394877281
번개장터,구찌,가방,구찌 인터로킹 가방,700000,https://media.bunjang.co.kr/product/392517739_1_1772626000_w{res}.jpg,https://m.bunjang.co.kr/products/392517739
번개장터,구찌,가방,구찌 다이애나 캘리백 빈티지 가방,500000,https://media.bunjang.co.kr/product/388453722_1_1770772595_w{res}.jpg,https://m.bunjang.co.kr/products/388453722
번개장터,구찌,가방,구찌남자가방입니다,500000,https://media.bunjang.co.kr/product/393145515_1_1772623571_w{res}.jpg,https://m.bunjang.co.kr/products/393145515
번개장터,구찌,가방,디오니소스 구찌 한정판 라지 434만원인가? 가방,950000,https://media.bunjang.co.kr/product/352992173_1_1775012745_w{res}.jpg,https://m.bunjang.co.kr/products/352992173
번개장터,구찌,가방,구찌 인터로킹 스몰 가방,580000,https://media.bunjang.co.kr/product/392760435_1_1781063729_w{res}.jpg,https://m.bunjang.co.kr/products/392760435
번개장터,구찌,가방,정품 구찌 토트백 가방 가로40,199000,https://media.bunjang.co.kr/product/393488023_1_1772779349_w{res}.jpg,https://m.bunjang.co.kr/products/393488023
번개장터,구찌,가방,구찌 2way 가방,350000,https://media.bunjang.co.kr/product/392144794_1_1786926559_w{res}.jpg,https://m.bunjang.co.kr/products/392144794
번개장터,구찌,가방,구찌 아디다스 콜라보 가방(남녀공용),790000,https://media.bunjang.co.kr/product/392804777_1_1778934070_w{res}.jpg,https://m.bunjang.co.kr/products/392804777
번개장터,구찌,가방,구제토토 구찌 프린팅 미니백 크로스백 정품 중고가방 명품 61003,149000,https://media.bunjang.co.kr/product/394369848_1_1773128063_w{res}.jpg,https://m.bunjang.co.kr/products/394369848
번개장터,구찌,가방,구찌 인터로킹 구찌백 명품가방 구찌 숄더백,1150000,https://media.bunjang.co.kr/product/392385873_1_1779972839_w{res}.jpg,https://m.bunjang.co.kr/products/392385873
번개장터,구찌,가방,구찌 정품가방,1000000,https://media.bunjang.co.kr/product/390570477_1_1771646800_w{res}.jpg,https://m.bunjang.co.kr/products/390570477
번개장터,구찌,가방,구찌 GG 점보 파우치 클러치 명품가방 카멜 739490 AABYO,800000,https://media.bunjang.co.kr/product/393820856_1_1783404915_w{res}.jpg,https://m.bunjang.co.kr/products/393820856
번개장터,구찌,가방,구찌 가방 디오니소스 GG 벨벳 미니백,620000,https://media.bunjang.co.kr/product/391651968_1_1772035413_w{res}.jpg,https://m.bunjang.co.kr/products/391651968
번개장터,구찌,가방,구찌 화사한 아담한 여성 토트백 중고 명품 정품 가방 은피아노,310000,https://media.bunjang.co.kr/product/393286513_1_1772695176_w{res}.jpg,https://m.bunjang.co.kr/products/393286513
번개장터,구찌,가방,"구찌 블랙 컷아웃 토트백 미디움(노트북가방, 기저귀가방)",3500000,https://media.bunjang.co.kr/product/392289795_1_1772283800_w{res}.jpg,https://m.bunjang.co.kr/products/392289795
번개장터,구찌,가방,구찌 가방 (구찌 매장 등록 A/S가능),1350000,https://media.bunjang.co.kr/product/353155369_1_1762322354_w{res}.jpg,https://m.bunjang.co.kr/products/353155369
번개장터,구찌,가방,정품 구찌 반달백 크로스백 가방 가로32,99000,https://media.bunjang.co.kr/product/391731702_1_1772085713_w{res}.jpg,https://m.bunjang.co.kr/products/391731702
번개장터,구찌,가방,구찌 GUCCI 고급 서류가방 팝니다(마지막 가격),1200000,https://media.bunjang.co.kr/product/386856945_1_1786779660_w{res}.jpg,https://m.bunjang.co.kr/products/386856945
번개장터,구찌,가방,구찌 가방,700000,https://media.bunjang.co.kr/product/388865691_1_1770924051_w{res}.jpg,https://m.bunjang.co.kr/products/388865691
번개장터,구찌,가방,정품 구찌 마몬트 마틀라세 체인백 마몽 크로스백 가방 가로24,420000,https://media.bunjang.co.kr/product/391984289_1_1772172032_w{res}.jpg,https://m.bunjang.co.kr/products/391984289
번개장터,구찌,가방,구찌 GG 패턴 서류 가방 블랙,570000,https://media.bunjang.co.kr/product/389770211_1_1771311951_w{res}.jpg,https://m.bunjang.co.kr/products/389770211
번개장터,구찌,가방,정품 구찌 클러치백 가방 가로30,188000,https://media.bunjang.co.kr/product/389549883_1_1771211355_w{res}.jpg,https://m.bunjang.co.kr/products/389549883
번개장터,구찌,가방,[OS]구찌 가방 클러치백 바이컬러 GG,700000,https://media.bunjang.co.kr/product/389837165_1_1771332547_w{res}.jpg,https://m.bunjang.co.kr/products/389837165
번개장터,구찌,가방,구찌 수프림가방,800000,https://media.bunjang.co.kr/product/388343634_1_1770718037_w{res}.jpg,https://m.bunjang.co.kr/products/388343634
번개장터,구찌,가방,구찌 가방,450000,https://media.bunjang.co.kr/product/387782738_1_1770478112_w{res}.jpg,https://m.bunjang.co.kr/products/387782738
번개장터,구찌,가방,구찌가방,350000,https://media.bunjang.co.kr/product/158978764_1_1653429492_w{res}.jpg,https://m.bunjang.co.kr/products/158978764
번개장터,구찌,가방,은피아노 구찌 가죽 토트백 정품 중고가방 명품,399000,https://media.bunjang.co.kr/product/389973668_1_1771400005_w{res}.jpg,https://m.bunjang.co.kr/products/389973668
번개장터,구찌,가방,구찌 GG 마몽 마틀라세 미니백 크로스백 가방,650000,https://media.bunjang.co.kr/product/348348946_1_1754053859_w{res}.jpg,https://m.bunjang.co.kr/products/348348946
번개장터,구찌,가방,구찌 가죽 크로스백 브라운 가방,100000,https://media.bunjang.co.kr/product/388233719_1_1770675333_w{res}.jpg,https://m.bunjang.co.kr/products/388233719
번개장터,구찌,가방,정품))구찌 블랙 뱀부 탑핸들 가방s,550000,https://media.bunjang.co.kr/product/379428371_1_1783073452_w{res}.jpg,https://m.bunjang.co.kr/products/379428371
번개장터,구찌,가방,구찌 미니 가방,950000,https://media.bunjang.co.kr/product/387336765_1_1775959130_w{res}.jpg,https://m.bunjang.co.kr/products/387336765
번개장터,구찌,가방,정품 구찌 돔 가방 상태최고,660000,https://media.bunjang.co.kr/product/388141182_1_1781321055_w{res}.jpg,https://m.bunjang.co.kr/products/388141182
번개장터,구찌,가방,구찌 서류 가방,537000,https://media.bunjang.co.kr/product/387037187_1_1774420718_w{res}.jpg,https://m.bunjang.co.kr/products/387037187
번개장터,구찌,가방,정품 구찌 숄더백 가방 가로38,188000,https://media.bunjang.co.kr/product/349308044_1_1754545996_w{res}.jpg,https://m.bunjang.co.kr/products/349308044
번개장터,구찌,가방,구찌 플로라 오피디아 탑핸들 가방,771630,https://media.bunjang.co.kr/product/384805767_1_1772240651_w{res}.jpg,https://m.bunjang.co.kr/products/384805767
번개장터,구찌,가방,구찌가방,490000,https://media.bunjang.co.kr/product/385838445_1_1769769761_w{res}.jpg,https://m.bunjang.co.kr/products/385838445
번개장터,구찌,가방,구찌 마이크로시마 스퀘어 토트백 가방,580000,https://media.bunjang.co.kr/product/387684675_1_1776925082_w{res}.jpg,https://m.bunjang.co.kr/products/387684675
번개장터,구찌,가방,정품 구찌 크로스백 가방 가로25,265000,https://media.bunjang.co.kr/product/387238289_1_1770274851_w{res}.jpg,https://m.bunjang.co.kr/products/387238289
번개장터,구찌,가방,정품)급처상태좋음!구찌 홀스빗 1955 미니 탑핸들 토트백크로스숄더백가방,800000,https://media.bunjang.co.kr/product/390809915_1_1771985947_w{res}.jpg,https://m.bunjang.co.kr/products/390809915
번개장터,구찌,가방,정품 구찌 가방,690000,https://media.bunjang.co.kr/product/375558352_1_1765563554_w{res}.jpg,https://m.bunjang.co.kr/products/375558352
번개장터,구찌,가방,구찌 가방,660000,https://media.bunjang.co.kr/product/385587647_1_1773814114_w{res}.jpg,https://m.bunjang.co.kr/products/385587647
번개장터,구찌,가방,구찌 레더 마틀라세 탑핸들백 명품가방 싸게급처,1350000,https://media.bunjang.co.kr/product/291348859_1_1727426159_w{res}.jpg,https://m.bunjang.co.kr/products/291348859
번개장터,구찌,가방,정품 구찌 숄더백 가방 가로33,168000,https://media.bunjang.co.kr/product/386529046_1_1770016146_w{res}.jpg,https://m.bunjang.co.kr/products/386529046
번개장터,구찌,가방,구찌가방,230000,https://media.bunjang.co.kr/product/384930143_1_1769428866_w{res}.jpg,https://m.bunjang.co.kr/products/384930143
번개장터,구찌,가방,정품 구찌 보스턴 토트백 가방 가로32,135000,https://media.bunjang.co.kr/product/387228721_1_1770272107_w{res}.jpg,https://m.bunjang.co.kr/products/387228721
번개장터,구찌,가방,정품 구찌 보스턴 토트백 가방 가로32,135000,https://media.bunjang.co.kr/product/387228544_1_1770272059_w{res}.jpg,https://m.bunjang.co.kr/products/387228544
번개장터,구찌,가방,구찌 GG 오피디아 캔버스 삼선 여행가방 752587,1520000,https://media.bunjang.co.kr/product/350058356_1_1754880027_w{res}.jpg,https://m.bunjang.co.kr/products/350058356
번개장터,구찌,가방,구찌  가방,500000,https://media.bunjang.co.kr/product/384522901_1_1781321090_w{res}.jpg,https://m.bunjang.co.kr/products/384522901
번개장터,구찌,가방,구찌 남여공용 모노그램 숄더백 핸드백 가방 남성 남자 여성 여자,380000,https://media.bunjang.co.kr/product/365613369_1_1775657368_w{res}.jpg,https://m.bunjang.co.kr/products/365613369
번개장터,구찌,가방,정품 구찌 숄더백 가방 가로32,280000,https://media.bunjang.co.kr/product/385857378_1_1769771249_w{res}.jpg,https://m.bunjang.co.kr/products/385857378
번개장터,구찌,가방,구찌 마몬트 스몰 벨벳가방,1700000,https://media.bunjang.co.kr/product/385354751_1_1772187793_w{res}.jpg,https://m.bunjang.co.kr/products/385354751
번개장터,구찌,가방,정품 구찌 크로스백 가방 가로23,158000,https://media.bunjang.co.kr/product/385574292_1_1769663321_w{res}.jpg,https://m.bunjang.co.kr/products/385574292
번개장터,구찌,가방,구찌 홀스빗 체인 가방,450000,https://media.bunjang.co.kr/product/384734354_1_1775018395_w{res}.jpg,https://m.bunjang.co.kr/products/384734354
번개장터,구찌,가방,구찌 인터로킹 탑핸들 블랙 가방,800000,https://media.bunjang.co.kr/product/385467824_1_1772077961_w{res}.jpg,https://m.bunjang.co.kr/products/385467824
번개장터,구찌,가방,정품 구찌 숄더백 토트백 가방 가로38,220000,https://media.bunjang.co.kr/product/385799551_1_1769754679_w{res}.jpg,https://m.bunjang.co.kr/products/385799551
번개장터,구찌,가방,구찌 알리백 크로스 가방,800000,https://media.bunjang.co.kr/product/325091392_1_1770652940_w{res}.jpg,https://m.bunjang.co.kr/products/325091392
번개장터,구찌,가방,구찌 돔 가방 정품,290000,https://media.bunjang.co.kr/product/382908278_1_1768895100_w{res}.jpg,https://m.bunjang.co.kr/products/382908278
번개장터,구찌,가방,구찌보스턴가방,2700000,https://media.bunjang.co.kr/product/382198289_1_1770268643_w{res}.jpg,https://m.bunjang.co.kr/products/382198289
번개장터,구찌,가방,구찌 GG 로고 뱀부 핸들 가방(더 이상 할인 없습니다!!!!),340000,https://media.bunjang.co.kr/product/384890703_1_1787054712_w{res}.jpg,https://m.bunjang.co.kr/products/384890703
번개장터,구찌,가방,구찌 GG오피디아 스몰 토트백가방 !,2250000,https://media.bunjang.co.kr/product/383531648_1_1768834660_w{res}.jpg,https://m.bunjang.co.kr/products/383531648
번개장터,구찌,가방,구찌가방 실비백(정품),890000,https://media.bunjang.co.kr/product/225139282_1_1782626233_w{res}.jpg,https://m.bunjang.co.kr/products/225139282
번개장터,구찌,가방,정품 구찌 남성 크로소 서류가방 더안내립니다,790000,https://media.bunjang.co.kr/product/367656340_1_1775268621_w{res}.jpg,https://m.bunjang.co.kr/products/367656340
번개장터,구찌,가방,구찌 더스트 에코백 가방,55000,https://media.bunjang.co.kr/product/381891040_1_1768203867_w{res}.jpg,https://m.bunjang.co.kr/products/381891040
번개장터,구찌,가방,구찌 GG 블랙 레더 체인 정품 가방 팔아요,500000,https://media.bunjang.co.kr/product/383568877_1_1768870069_w{res}.jpg,https://m.bunjang.co.kr/products/383568877
번개장터,구찌,가방,구찌 파우치 가방,120000,https://media.bunjang.co.kr/product/381246557_1_1776468858_w{res}.jpg,https://m.bunjang.co.kr/products/381246557
번개장터,구찌,가방,구찌가방,750000,https://media.bunjang.co.kr/product/380828663_1_1769001684_w{res}.jpg,https://m.bunjang.co.kr/products/380828663
번개장터,구찌,가방,구찌 GG로고 씨마 브라운 서류 가방,495000,https://media.bunjang.co.kr/product/382240765_1_1768340016_w{res}.jpg,https://m.bunjang.co.kr/products/382240765
번개장터,구찌,가방,구찌가방,1000000,https://media.bunjang.co.kr/product/380346040_1_1767580943_w{res}.jpg,https://m.bunjang.co.kr/products/380346040
번개장터,구찌,가방,구찌가방,1000000,https://media.bunjang.co.kr/product/380118841_1_1767497233_w{res}.jpg,https://m.bunjang.co.kr/products/380118841
번개장터,구찌,가방,정품 구찌 가방 숄더백 가로33,178000,https://media.bunjang.co.kr/product/381201288_1_1767941514_w{res}.jpg,https://m.bunjang.co.kr/products/381201288
번개장터,구찌,가방,gucci bag,600000,https://media.bunjang.co.kr/product/379609620_1_1767269858_w{res}.jpg,https://m.bunjang.co.kr/products/379609620
번개장터,구찌,가방,[OS] 구찌 소호 태슬 가방 페이던트,350000,https://media.bunjang.co.kr/product/382028189_1_1768254341_w{res}.jpg,https://m.bunjang.co.kr/products/382028189
번개장터,구찌,가방,구찌 여행가방 슈프림 더플백 보스턴백,1800000,https://media.bunjang.co.kr/product/381215559_1_1783335932_w{res}.jpg,https://m.bunjang.co.kr/products/381215559
번개장터,구찌,가방,구찌 마몽 브라운 숄더백(수지가방),570000,https://media.bunjang.co.kr/product/380779905_1_1773611093_w{res}.jpg,https://m.bunjang.co.kr/products/380779905
번개장터,구찌,가방,구찌 자가드 숄더백 베이지 빅사이즈 가방,50000,https://media.bunjang.co.kr/product/358935103_1_1771678623_w{res}.jpg,https://m.bunjang.co.kr/products/358935103
번개장터,구찌,가방,구찌 가방^^,500000,https://media.bunjang.co.kr/product/379123270_1_1769283031_w{res}.jpg,https://m.bunjang.co.kr/products/379123270
번개장터,구찌,가방,구찌 인터로킹 수프림 미니 토트백 크로스백 여성가방,790000,https://media.bunjang.co.kr/product/381426090_1_1772200710_w{res}.jpg,https://m.bunjang.co.kr/products/381426090
번개장터,구찌,가방,중고 구찌 인터로킹 펄 브레이슬릿 가방참악세서리 SH240311-01,370000,https://media.bunjang.co.kr/product/382095061_1_1768284284_w{res}.jpg,https://m.bunjang.co.kr/products/382095061
번개장터,구찌,가방,구찌 가방^^,450000,https://media.bunjang.co.kr/product/378960914_1_1773298287_w{res}.jpg,https://m.bunjang.co.kr/products/378960914
번개장터,구찌,가방,Gucci 443497 GG 마몬트 스몰 (가방 + 더스트백),1250000,https://media.bunjang.co.kr/product/380986082_1_1767851723_w{res}.jpg,https://m.bunjang.co.kr/products/380986082
번개장터,구찌,가방,구찌 마몬트 여성가방,3200000,https://media.bunjang.co.kr/product/379618895_1_1767272217_w{res}.jpg,https://m.bunjang.co.kr/products/379618895
번개장터,구찌,가방,구찌 수프림 브리프케이스 블랙 서류가방 474135,2260000,https://media.bunjang.co.kr/product/262927288_1_1715305239_w{res}.jpg,https://m.bunjang.co.kr/products/262927288
번개장터,구찌,가방,구찌 가방^^,470000,https://media.bunjang.co.kr/product/378516537_1_1770139583_w{res}.jpg,https://m.bunjang.co.kr/products/378516537
번개장터,구찌,가방,구찌 가방^^,470000,https://media.bunjang.co.kr/product/378353628_1_1773529345_w{res}.jpg,https://m.bunjang.co.kr/products/378353628
번개장터,구찌,가방,구찌가방,500000,https://media.bunjang.co.kr/product/378228285_1_1781321131_w{res}.jpg,https://m.bunjang.co.kr/products/378228285
번개장터,구찌,가방,GUCCI 구찌 오디피아 웹 캔버스 라지 클러치 숄더백 가방 정품,1380000,https://media.bunjang.co.kr/product/376879059_1_1766992634_w{res}.jpg,https://m.bunjang.co.kr/products/376879059
번개장터,구찌,가방,GUCCI casual bag,280000,https://media.bunjang.co.kr/product/378449123_1_1776217309_w{res}.jpg,https://m.bunjang.co.kr/products/378449123
번개장터,구찌,가방,구찌 핑크색 가방,990000,https://media.bunjang.co.kr/product/378586432_1_1768443007_w{res}.jpg,https://m.bunjang.co.kr/products/378586432
번개장터,구찌,가방,정품 구찌 크로스백 가방 가로32,138000,https://media.bunjang.co.kr/product/379176919_1_1767076156_w{res}.jpg,https://m.bunjang.co.kr/products/379176919
번개장터,구찌,가방,정품 구찌 가방 크로스백 가로20,288000,https://media.bunjang.co.kr/product/379177187_1_1767076236_w{res}.jpg,https://m.bunjang.co.kr/products/379177187
번개장터,구찌,가방,정품 구찌 가방 숄더백 가로24,115000,https://media.bunjang.co.kr/product/379176448_1_1767076039_w{res}.jpg,https://m.bunjang.co.kr/products/379176448
번개장터,구찌,가방,구찌 GG 슈프림 트롤리 스몰 캐리어 여행가방 474353,2000000,https://media.bunjang.co.kr/product/380627794_1_1767692655_w{res}.jpg,https://m.bunjang.co.kr/products/380627794
번개장터,구찌,가방,구찌 GG 슈프림 트롤리 스몰 캐리어 여행가방 474353,2000000,https://media.bunjang.co.kr/product/380615213_1_1767688887_w{res}.jpg,https://m.bunjang.co.kr/products/380615213
번개장터,구찌,가방,구찌 여성 가방 - 정품,580000,https://media.bunjang.co.kr/product/378325715_1_1781484781_w{res}.jpg,https://m.bunjang.co.kr/products/378325715
번개장터,구찌,가방,GUCCI 구찌 마몬트 오디피아 플로라 클러치 한정판 가방 플라워 정품,598000,https://media.bunjang.co.kr/product/376876540_1_1779945165_w{res}.jpg,https://m.bunjang.co.kr/products/376876540
번개장터,구찌,가방,구찌가방,1000000,https://media.bunjang.co.kr/product/377422938_1_1770390361_w{res}.jpg,https://m.bunjang.co.kr/products/377422938
번개장터,구찌,가방,구찌 블랙 레더 서류 가방,150000,https://media.bunjang.co.kr/product/378163507_1_1773480196_w{res}.jpg,https://m.bunjang.co.kr/products/378163507
번개장터,구찌,가방,구찌 가방 ^^,470000,https://media.bunjang.co.kr/product/376995889_1_1773119575_w{res}.jpg,https://m.bunjang.co.kr/products/376995889
번개장터,구찌,가방,구찌 GG 수프림 메신저 가방 패치 장식,1000000,https://media.bunjang.co.kr/product/378524244_1_1768661868_w{res}.jpg,https://m.bunjang.co.kr/products/378524244
번개장터,구찌,가방,구찌 마몬트 달리아 가방,1900000,https://media.bunjang.co.kr/product/377410936_1_1769488371_w{res}.jpg,https://m.bunjang.co.kr/products/377410936
번개장터,구찌,가방,구찌 가방^^,470000,https://media.bunjang.co.kr/product/376354646_1_1773119590_w{res}.jpg,https://m.bunjang.co.kr/products/376354646
번개장터,구찌,가방,[S급] 구찌 오피디아 gg 수프림 캔버스 라지 토트백 가방 크로스백,1390000,https://media.bunjang.co.kr/product/379209444_1_1767096285_w{res}.jpg,https://m.bunjang.co.kr/products/379209444
번개장터,구찌,가방,정품 구찌 클러치 가방 가로33 세로23,390000,https://media.bunjang.co.kr/product/303944369_1_1766808160_w{res}.jpg,https://m.bunjang.co.kr/products/303944369
번개장터,구찌,가방,구찌 GG마몬트 브라운 탑핸들 가방,950000,https://media.bunjang.co.kr/product/377908470_1_1766493488_w{res}.jpg,https://m.bunjang.co.kr/products/377908470
번개장터,구찌,가방,구찌가방,900000,https://media.bunjang.co.kr/product/376145536_1_1765734923_w{res}.jpg,https://m.bunjang.co.kr/products/376145536
번개장터,구찌,가방,구찌 오피디아 탑 핸들 블랙 가방,3100000,https://media.bunjang.co.kr/product/377369542_1_1766276023_w{res}.jpg,https://m.bunjang.co.kr/products/377369542
번개장터,구찌,가방,구찌여행가방,1050000,https://media.bunjang.co.kr/product/375900444_1_1765682840_w{res}.jpg,https://m.bunjang.co.kr/products/375900444
번개장터,구찌,가방,정품 구찌 가방 크로스백 가로47,188000,https://media.bunjang.co.kr/product/377022205_1_1766124630_w{res}.jpg,https://m.bunjang.co.kr/products/377022205
번개장터,구찌,가방,구찌 남성 가방 gucci,800000,https://media.bunjang.co.kr/product/370993284_1_1763816021_w{res}.jpg,https://m.bunjang.co.kr/products/370993284
번개장터,구찌,가방,구찌 가방,1000000,https://media.bunjang.co.kr/product/374704070_1_1765203722_w{res}.jpg,https://m.bunjang.co.kr/products/374704070
번개장터,구찌,가방,[한정판] 구찌 레드 울프 클러치 파우치 가방 OS,450000,https://media.bunjang.co.kr/product/376473574_1_1765877247_w{res}.jpg,https://m.bunjang.co.kr/products/376473574
번개장터,구찌,가방,정품 구찌 가방 크로스백 가로34,220000,https://media.bunjang.co.kr/product/375407709_1_1765862252_w{res}.jpg,https://m.bunjang.co.kr/products/375407709
번개장터,구찌,가방,구찌 홀스빗 1955 가방 블랙 구해요,50000,https://media.bunjang.co.kr/product/375841703_1_1765648580_w{res}.jpg,https://m.bunjang.co.kr/products/375841703
번개장터,구찌,가방,"구찌가방, 구찌 디오니소스 WOC/쿨거래시 네고가능",1000000,https://media.bunjang.co.kr/product/376284383_1_1765798696_w{res}.jpg,https://m.bunjang.co.kr/products/376284383
번개장터,구찌,가방,구찌  가방 팝니다,420000,https://media.bunjang.co.kr/product/373860542_1_1764934450_w{res}.jpg,https://m.bunjang.co.kr/products/373860542
번개장터,구찌,가방,구찌 Gucci 밤부백 가방,200000,https://media.bunjang.co.kr/product/367314327_1_1762412615_w{res}.jpg,https://m.bunjang.co.kr/products/367314327
번개장터,구찌,가방,구찌 서류가방 정품,200000,https://media.bunjang.co.kr/product/373814643_1_1764919690_w{res}.jpg,https://m.bunjang.co.kr/products/373814643
번개장터,구찌,가방,구찌 정품가방,1805000,https://media.bunjang.co.kr/product/373416269_1_1769587352_w{res}.jpg,https://m.bunjang.co.kr/products/373416269
번개장터,구찌,가방,중고 구찌 뱀부 대나무 핸들 가죽 토트백 여성가방 SH250310-02,530000,https://media.bunjang.co.kr/product/376801990_1_1766027720_w{res}.jpg,https://m.bunjang.co.kr/products/376801990
번개장터,구찌,가방,구찌 남여공용 파이톤(뱀가죽) 트림 브리프케이스 가방 정품 새상품,1550000,https://media.bunjang.co.kr/product/336962234_1_1784548683_w{res}.jpg,https://m.bunjang.co.kr/products/336962234
번개장터,구찌,가방,구찌 마몽트 체인가방,900000,https://media.bunjang.co.kr/product/373696414_1_1771473734_w{res}.jpg,https://m.bunjang.co.kr/products/373696414
번개장터,구찌,가방,명품 구찌(GUCCI 정품)빅숄더백 쇼퍼백 에코백 캐리어우먼잇백 가방,129000,https://media.bunjang.co.kr/product/371275395_1_1763937091_w{res}.jpg,https://m.bunjang.co.kr/products/371275395
번개장터,구찌,가방,정품 구찌 가방 숄더백 가로31,199000,https://media.bunjang.co.kr/product/373806707_1_1764917225_w{res}.jpg,https://m.bunjang.co.kr/products/373806707
번개장터,구찌,가방,"정품,새상품급)구찌 GG 마몽 마틀라쎄 클러치 여성클러치 여성가방",690000,https://media.bunjang.co.kr/product/375598218_1_1766466158_w{res}.jpg,https://m.bunjang.co.kr/products/375598218
번개장터,구찌,가방,구찌 가방,700000,https://media.bunjang.co.kr/product/371720081_1_1764120121_w{res}.jpg,https://m.bunjang.co.kr/products/371720081
번개장터,구찌,가방,구찌 마틀라세  버건디 가방,2600000,https://media.bunjang.co.kr/product/372539677_1_1764416042_w{res}.jpg,https://m.bunjang.co.kr/products/372539677
